Name,Type,TypeName,Etat,SubEtat,DesR1,EtaR1,DesKit,EtaKit,OffsetBX,OffsetBY,OffsetHY,FollowSprite,HitPoints,HitSprite,FollowEnabled,Layer,ConnectedEvents,LabelOffsets,Commands,LocalCommands
,-1,65535,2,3,,,--ELE---,--ELE---,24,14,0,3,0,254,False,-1,MS_BB1,,,11-0-0-100-6-4-11-1-1-100-6-4-33-255
,-1,65535,3,0,,,???-???-???-???-???-???,???-???-???-???-???-???,80,80,0,0,0,255,False,-1,MS_skops,,,30-200-33-255
,-1,65535,3,1,,,???-???-???-???-???-???,???-???-???-???-???-???,192,128,170,0,1,254,False,-1,MS_skops,,,2-254-33-255
Livingstone Big,0,TYPE_BADGUY1,0,0,13-----,10-----,LIV-----,LIV-----,80,97,30,3,2,2,False,-1,,14-14-14-14-14-14-63-63-63-63-63-63-63-14,11-0-17-4-2-28-0-8-0-5-7-19-1-11-2-0-100-17-3-2-26-1-17-4-2-26-2-17-4-4-26-3-17-4-5-26-4-2-1-8-0-5-0-19-1-0-100-24-5-11-1-17-4-2-28-6-8-0-5-7-19-1-11-3-1-100-17-3-2-26-7-17-4-2-26-8-17-4-4-26-9-17-4-5-26-10-2-1-8-0-5-0-19-1-1-100-24-11-11-7-30-40-24-12-11-8-30-40-24-13-33-255,11-0-17-4-2-31-4-8-0-5-7-19-1-11-2-0-100-17-3-2-15-2-17-4-2-15-2-17-4-4-15-2-17-4-5-15-2-2-1-8-0-5-0-19-1-0-100-12-2-11-1-17-4-2-31-4-8-0-5-7-19-1-11-3-1-100-17-3-2-15-3-17-4-2-15-3-17-4-4-15-3-17-4-5-15-3-2-1-8-0-5-0-19-1-1-100-12-3-11-7-30-40-12-3-11-8-30-40-12-2-33-255
Livingstone Big (Tentacle Flower),0,TYPE_BADGUY1,0,0,13-----,10-----,LIV-----,LIV-----,80,97,30,3,1,2,False,-1,,14-14-14-14-14-14-63-63-63-63-63-63-63-14,11-0-17-4-2-28-0-8-0-5-7-19-1-11-2-0-100-17-3-2-26-1-17-4-2-26-2-17-4-4-26-3-17-4-5-26-4-2-1-8-0-5-0-19-1-0-100-24-5-11-1-17-4-2-28-6-8-0-5-7-19-1-11-3-1-100-17-3-2-26-7-17-4-2-26-8-17-4-4-26-9-17-4-5-26-10-2-1-8-0-5-0-19-1-1-100-24-11-11-7-30-40-24-12-11-8-30-40-24-13-33-255,11-0-17-4-2-31-4-8-0-5-7-19-1-11-2-0-100-17-3-2-15-2-17-4-2-15-2-17-4-4-15-2-17-4-5-15-2-2-1-8-0-5-0-19-1-0-100-12-2-11-1-17-4-2-31-4-8-0-5-7-19-1-11-3-1-100-17-3-2-15-3-17-4-2-15-3-17-4-4-15-3-17-4-5-15-3-2-1-8-0-5-0-19-1-1-100-12-3-11-7-30-40-12-3-11-8-30-40-12-2-33-255
Flat Stone (Steady),1,TYPE_PLATFORM,0,0,,,----PIV-,----BST-,128,50,20,0,200,0,True,-1,,,,2-100-33-255
Cloud,1,TYPE_PLATFORM,0,1,-13-13--14-17,-11-10--12-16,-NUA-NUA-NUA-NUA-NUA,-NUA-NUA-NUA-NUA-NUA,64,0,12,0,0,0,True,-1,,,2-254-33-255,2-254-33-255
Cloud (Bigger Hitbox),1,TYPE_PLATFORM,0,1,16-----17,13-----16,NEN-----,NEN-----,80,0,18,0,0,0,True,-1,,,2-254-33-255,2-254-33-255
Plum Swing (Steady),1,TYPE_PLATFORM,0,5,16-----,13-----,NEN-----,NEN-----,80,0,10,7,1,7,True,-1,,,2-254-33-255,2-254-33-255
Plum Swing (Moving),1,TYPE_PLATFORM,0,6,16-----,13-----,NEN-----,NEN-----,80,80,10,7,0,0,True,-1,,,2-254-33-255,2-254-33-255
Pencil Sharpener,1,TYPE_PLATFORM,0,11,---13--,---7--,---IPL--,---IPL--,80,80,4,0,0,0,True,-1,,,30-250-33-255,30-250-33-255
Yinyang (Static),1,TYPE_PLATFORM,0,14,---13--,---7--,---IPL--,---IPL--,90,64,10,0,1,254,True,-1,,,30-250-33-255,30-250-33-255
Power Up (1HP),2,TYPE_POWERUP,6,0,2-2-2-2-2-2,1-1-1-1-1-1,DIV-DIV-DIV-DIV-DIV-DIV,DIV-DIV-DIV-DIV-DIV-DIV,80,32,0,0,1,254,False,-1,,,2-254-33-255,2-254-33-255
Power Up (2HP),2,TYPE_POWERUP,6,1,2-2-2-2-2-2,1-1-1-1-1-1,DIV-DIV-DIV-DIV-DIV-DIV,DIV-DIV-DIV-DIV-DIV-DIV,80,32,0,0,2,254,False,-1,,,2-254-33-255,2-254-33-255
Electoon,3,TYPE_LIDOLPINK,2,1,12-10-12-14-13-14,7-6-7-8-9-11,ELE-ELE-ELE-ELE-ELE-ELE,ELE-ELE-ELE-ELE-ELE-ELE,16,62,44,0,0,0,False,-1,,1-1-51,11-1-8-1-5-0-19-5-8-0-5-0-19-2-8-1-5-0-19-4-8-0-5-1-19-1-8-1-5-0-19-6-8-0-5-2-19-2-24-0-11-0-8-0-5-4-19-1-24-1-11-2-30-200-24-2-33-255,11-1-8-1-5-0-19-5-8-0-5-0-19-2-8-1-5-0-19-4-8-0-5-1-19-1-8-1-5-0-19-6-8-0-5-2-19-2-12-1-11-0-8-0-5-4-19-1-12-1-11-2-30-200-12-2-33-255
Birds,4,TYPE_NEUTRAL,0,0,--21---,--15---,--MUS--MUS-,--MUS--MUS-,18,32,0,0,0,0,False,-1,,,2-200-33-255,2-200-33-255
Mushrooms (Jumping),4,TYPE_NEUTRAL,0,0,16-----,13-----,NEN-----,NEN-----,80,0,0,0,0,0,False,-1,,,2-254-33-255,2-254-33-255
Musician's Family,4,TYPE_NEUTRAL,0,2,--21---,--15---,--MUS---,--MUS---,18,32,0,0,0,0,False,-1,,,2-200-33-255,2-200-33-255
Torch (Background),4,TYPE_NEUTRAL,0,2,--20---,--14---,--TOR--TOV-,--BST--BST-,80,50,18,0,200,0,False,-1,,,2-250-33-255,2-250-33-255
Mushrooms (Dancing),4,TYPE_NEUTRAL,0,3,16-----,13-----,NEN-----,NEN-----,80,0,0,0,0,0,False,-1,,,2-254-33-255,2-254-33-255
Flower (Dancing),4,TYPE_NEUTRAL,0,4,16-----,13-----,NEN-----,NEN-----,80,0,0,0,0,0,False,-1,,,2-254-33-255,2-254-33-255
Butterfly (1),4,TYPE_NEUTRAL,0,30,16-----,13-----,NEN-----,NEN-----,80,0,0,0,0,0,False,-1,,,2-254-33-255,2-254-33-255
Butterfly (2),4,TYPE_NEUTRAL,0,31,16-----,13-----,NEN-----,NEN-----,80,0,0,0,0,0,False,-1,,,2-254-33-255,2-254-33-255
Butterfly (3),4,TYPE_NEUTRAL,0,32,16-----,13-----,NEN-----,NEN-----,80,0,0,0,0,0,False,-1,,,2-254-33-255,2-254-33-255
Butterfly (4),4,TYPE_NEUTRAL,0,33,16-----,13-----,NEN-----,NEN-----,80,0,0,0,0,0,False,-1,,,2-254-33-255,2-254-33-255
Butterfly (5),4,TYPE_NEUTRAL,0,34,16-----,13-----,NEN-----,NEN-----,80,0,0,0,0,0,False,-1,,,2-254-33-255,2-254-33-255
Butterfly (6),4,TYPE_NEUTRAL,0,35,16-----,13-----,NEN-----,NEN-----,80,0,0,0,0,0,False,-1,,,2-254-33-255,2-254-33-255
Butterfly (7),4,TYPE_NEUTRAL,0,36,16-----,13-----,NEN-----,NEN-----,80,0,0,0,0,0,False,-1,,,2-254-33-255,2-254-33-255
Butterfly (8),4,TYPE_NEUTRAL,0,37,16-----,13-----,NEN-----,NEN-----,80,0,0,0,0,0,False,-1,,,2-254-33-255,2-254-33-255
Sparkle (Single 1),4,TYPE_NEUTRAL,0,60,4-4-4-4-4-4,2-2-2-2-2-2,,,0,0,0,0,0,0,False,-1,,,,
Sparkle (Single 2),4,TYPE_NEUTRAL,0,61,4-4-4-4-4-4,2-2-2-2-2-2,,,0,0,0,0,0,0,False,-1,,,,
Sparkle (Spikes 1),4,TYPE_NEUTRAL,0,62,4-4-4-4-4-4,2-2-2-2-2-2,,,0,0,0,0,0,0,False,-1,,,,
Sparkle (Spikes 2),4,TYPE_NEUTRAL,0,63,4-4-4-4-4-4,2-2-2-2-2-2,,,0,0,0,0,0,0,False,-1,,,,
Sparkle (Notes 1),4,TYPE_NEUTRAL,5,16,4-4-4-4-4-4,2-2-2-2-2-2,,,80,96,50,0,0,0,False,-1,,,2-254-33-255,
Sparkle (Notes 2),4,TYPE_NEUTRAL,5,17,4-4-4-4-4-4,2-2-2-2-2-2,,,80,96,50,0,0,0,False,-1,,,2-254-33-255,
Bonus Magician,5,TYPE_WIZARD1,8,0,2-2-2-2-2-2,1-1-1-1-1-1,,,56,97,80,3,0,0,False,-1,,,2-254-33-255,
Bonus Magician,5,TYPE_WIZARD1,8,0,2-2-2-2-2-2,1-1-1-1-1-1,,,56,97,0,0,0,0,False,-1,,,2-254-33-255,
Yinyang with spike (Steady),6,TYPE_FALLING_YING_OUYE,0,13,---13--,---7--,---IPL--,---IPL--,90,64,48,2,1,254,False,-1,,,30-250-33-255,30-250-33-255
Yinyang with spike (Moving),6,TYPE_FALLING_YING_OUYE,2,0,---13--,---7--,---IPL--,---IPL--,90,64,48,2,1,254,False,-1,,,30-250-33-255,30-250-33-255
Spiky Fruit Swing,7,TYPE_MORNINGSTAR,0,7,16-----,13-----,NEN-----,NEN-----,80,20,0,0,0,254,False,-1,,,2-254-33-255,2-254-33-255
Plum (Steady 1),8,TYPE_FALLING_OBJ,0,12,16-----,13-----,NEN-----,NEN-----,20,30,9,0,1,254,True,-1,,,2-254-33-255,2-254-33-255
Plum (Moving),8,TYPE_FALLING_OBJ,2,2,,,NEN-----,NEN-----,20,30,11,0,1,254,True,-1,,,,2-254-33-255
Livingstone Little,9,TYPE_BADGUY2,0,0,13-----,11-----,LIV-----,LIVPTI-----,80,95,50,3,2,254,False,-1,,17-39-17-59-81-59,11-0-8-0-5-7-19-1-23-0-11-5-8-1-5-13-11-2-0-100-2-1-8-0-5-0-19-1-0-100-23-1-11-4-8-0-5-14-19-1-24-2-11-1-8-0-5-7-19-1-23-3-11-6-8-1-5-13-11-3-1-100-2-1-8-0-5-0-19-1-1-100-23-4-11-4-8-0-5-14-19-1-24-5-33-255,11-0-8-0-5-7-19-1-6-4-11-5-8-1-5-13-11-2-0-100-2-1-8-0-5-0-19-1-0-100-6-4-11-4-8-0-5-14-19-1-12-2-11-1-8-0-5-7-19-1-6-4-11-6-8-1-5-13-11-3-1-100-2-1-8-0-5-0-19-1-1-100-6-4-11-4-8-0-5-14-19-1-12-3-33-255
Piranha,10,TYPE_FISH,0,0,17-----,14-----,PIR-----,PIR-----,80,80,0,0,1,255,False,-1,,,11-1-3-120-33-255,11-1-3-120-33-255
Hit Effect,11,TYPE_BOUM,5,0,2-2-2-2-2-2,1-1-1-1-1-1,DIV-DIV-DIV-DIV-DIV-DIV,DIV-DIV-DIV-DIV-DIV-DIV,24,32,0,0,0,0,False,-1,,,2-200-33-255,2-200-33-255
Hit Effect,11,TYPE_BOUM,5,0,,,DIV-DIV-DIV-DIV-DIV-DIV,DIV-DIV-DIV-DIV-DIV-DIV,24,32,0,0,0,0,False,-1,,,30-200-33-255,30-200-33-255
Hunter,12,TYPE_CHASSEUR1,0,0,10-9-11-11-10-,4-4-5-4-5-,CHA-CHA-CHA-CHA-CHA-CHA,CHA-CHA-CHA-CHA-CHA-CHA,80,95,32,3,3,254,False,-1,,,2-254-33-255,2-254-33-255
Bullet (Shot),13,TYPE_BALLE1,2,2,10-9-11-11-10-,5-5-6-5-6-,CHA-CHA-CHA-CHA-CHA-CHA,BAL-BAL-BAL-BAL-BAL-BAL,80,64,50,0,0,254,False,-1,,11-27,11-1-8-2-5-2-0-20-5-11-11-2-0-10-24-0-11-3-8-2-5-2-1-20-5-11-11-4-1-10-24-1-33-255,11-1-8-2-5-2-0-20-5-11-11-2-0-10-12-2-11-3-8-2-5-2-1-20-5-11-11-4-1-10-12-4-33-255
Hunter (Upwards shot),14,TYPE_CHASSEUR2,0,0,,,CHA-CHA-CHA-CHA-CHA-CHA,CHA-CHA-CHA-CHA-CHA-CHA,80,95,32,3,3,254,False,-1,,,,2-254-33-255
Cloud (Falling),16,TYPE_FALLPLAT,0,1,-13-13---,-11-10---,-NUA-NUA-NUA-NUA-NUA,-NUA-NUA-NUA-NUA-NUA,64,0,12,0,0,0,True,-1,,13,2-200-23-0-11-0-2-15-8-2-5-0-2-254-33-255,2-200-6-5-11-0-2-15-8-2-5-0-2-254-33-255
Stalactites (Falling),16,TYPE_FALLPLAT,0,4,----23-,----22-,,,64,0,9,0,0,0,True,-1,,13,2-200-23-0-11-0-2-15-8-2-5-0-2-254-33-255,
Stalactites (Falling),16,TYPE_FALLPLAT,0,4,,,--CPL--CPL-,--CPL--CPL-,64,0,7,0,0,0,True,-1,,13,2-200-23-0-11-0-2-15-8-2-5-0-2-254-33-255,2-200-6-5-11-0-2-15-8-2-5-0-2-254-33-255
Water Lily (Falling),16,TYPE_FALLPLAT,0,40,16-----,13-----,NEN-----,NEN-----,40,50,18,0,0,0,True,-1,,13,2-200-23-0-11-0-2-15-8-2-5-0-2-254-33-255,2-200-6-5-11-0-2-15-8-2-5-0-2-254-33-255
Cloud (Rising),17,TYPE_LIFTPLAT,0,1,-13-13--14-,-11-10--12-,-NUA-NUA-NUA-NUA-NUA,-NUA-NUA-NUA-NUA-NUA,64,0,12,0,0,0,True,-1,,13,2-200-23-0-11-0-2-15-8-2-5-1-2-254-33-255,2-200-6-5-11-0-2-15-8-2-5-1-2-254-33-255
Stalactites (Rising),17,TYPE_LIFTPLAT,0,8,----23-,----22-,,,64,0,9,0,0,0,True,-1,,13,2-200-23-0-11-0-2-15-8-2-5-1-2-254-33-255,
Stalactites (Rising),17,TYPE_LIFTPLAT,0,8,,,--CPL--CPL-,--CPL--CPL-,64,0,7,0,0,0,True,-1,,13,2-200-23-0-11-0-2-15-8-2-5-1-2-254-33-255,2-200-6-5-11-0-2-15-8-2-5-1-2-254-33-255
Water Lily (Rising),17,TYPE_LIFTPLAT,0,40,16-----,13-----,NEN-----,NEN-----,80,50,18,0,0,0,True,-1,,13,2-200-23-0-11-0-2-15-8-2-5-1-2-254-33-255,2-200-6-5-11-0-2-15-8-2-5-1-2-254-33-255
Splash,19,TYPE_SPLASH,0,0,18-27---31-25,15-24---30-23,SPL-SPL---SPL-SPL,SPL-SPL---SPL-SPL,40,42,0,0,0,0,False,-1,,,2-200-33-255,2-200-33-255
Tentacle Flower,20,TYPE_GENEBADGUY,1,0,19-----,16-----,TEN-----,TEN-----,128,200,0,0,6,255,False,-1,,44-14-24-1-1-44-14-24-44-75,11-6-17-70-27-0-17-2-0-26-1-24-2-11-0-8-1-5-0-0-30-24-3-11-1-8-1-5-0-1-30-24-4-11-2-8-0-5-11-19-1-24-5-11-5-17-0-0-26-6-24-7-11-3-8-0-5-11-19-1-5-1-19-1-24-8-11-4-8-0-5-21-19-1-11-7-8-0-5-3-2-200-24-9-33-255,11-6-17-70-16-5-17-2-0-15-0-12-1-11-0-8-1-5-0-0-30-12-6-11-1-8-1-5-0-1-30-12-6-11-2-8-0-5-11-19-1-12-5-11-5-17-0-0-15-0-12-1-11-3-8-0-5-11-19-1-5-1-19-1-12-5-11-4-8-0-5-21-19-1-11-7-8-0-5-3-2-200-12-7-33-255
Photographer,21,TYPE_PHOTOGRAPHE,7,0,2-2-2-2-2-2,1-1-1-1-1-1,DIV-DIV-DIV-DIV-DIV-DIV,DIV-DIV-DIV-DIV-DIV-DIV,80,0,0,0,0,0,False,-1,,9,2-254-23-0-11-0-5-1-19-1-33-255,2-254-6-3-11-0-5-1-19-1-33-255
Cloud (Horizontal),22,TYPE_MOVE_PLAT,0,10,-13-13---17,-11-10---16,-NUA-NUA-NUA-NUA-NUA,-NUA-NUA-NUA-NUA-NUA,64,0,12,0,0,0,True,-1,,1-9,11-99-20-1-2-0-23-0-11-99-20-1-254-0-23-1-33-255,11-99-20-1-2-0-6-4-11-99-20-1-254-0-6-4-33-255
Cloud (Vertical),22,TYPE_MOVE_PLAT,0,10,-13-13---17,-11-10---16,-NUA-NUA-NUA-NUA-NUA,-NUA-NUA-NUA-NUA-NUA,64,0,12,0,0,0,True,-1,,1-9,11-99-20-1-0-254-23-0-11-99-20-1-0-2-23-1-33-255,11-99-20-1-0-254-6-4-11-99-20-1-0-2-6-4-33-255
Pencil Sharpener (Diagonal 1),22,TYPE_MOVE_PLAT,0,10,---13--,---7--,---IPL--,---IPL--,80,80,4,0,0,0,True,-1,,1-9,11-99-20-1-255-1-23-0-11-99-20-1-1-255-23-1-33-255,11-99-20-1-255-1-6-4-11-99-20-1-1-255-6-4-33-255
Pencil Sharpener (Diagonal 2),22,TYPE_MOVE_PLAT,0,10,---13--,---7--,---IPL--,---IPL--,80,80,4,0,0,0,True,-1,,1-9,11-99-20-1-1-1-23-0-11-99-20-1-255-255-23-1-33-255,11-99-20-1-1-1-6-4-11-99-20-1-255-255-6-4-33-255
Pencil Sharpener (Horizontal),22,TYPE_MOVE_PLAT,0,10,---13--,---7--,---IPL--,---IPL--,80,80,4,0,0,0,True,-1,,1-9,11-99-20-1-2-0-23-0-11-99-20-1-254-0-23-1-33-255,11-99-20-1-2-0-6-4-11-99-20-1-254-0-6-4-33-255
Pencil Sharpener (Vertical),22,TYPE_MOVE_PLAT,0,10,---13--,---7--,---IPL--,---IPL--,80,80,4,0,0,0,True,-1,,1-9,11-99-20-1-0-254-23-0-11-99-20-1-0-2-23-1-33-255,11-99-20-1-0-254-6-4-11-99-20-1-0-2-6-4-33-255
Pencil Sharpener (Cyclical right left),22,TYPE_MOVE_PLAT,0,10,,,---IPL--,---IPL--,80,80,4,0,0,0,True,-1,,,,11-99-20-1-2-0-6-10-11-99-20-1-0-2-6-10-11-99-20-1-254-0-6-10-11-99-20-1-0-254-6-10-33-255
Pencil Sharpener (Cyclical up down),22,TYPE_MOVE_PLAT,0,10,,,---IPL--,---IPL--,80,80,4,0,0,0,True,-1,,,,11-99-20-1-2-0-6-10-11-99-20-1-0-254-6-10-11-99-20-1-254-0-6-10-11-99-20-1-0-2-6-10-33-255
Pencil Sharpener (Following 1),22,TYPE_MOVE_PLAT,0,10,,,---IPL--,---IPL--,80,80,4,0,0,0,True,-1,,,,11-99-20-1-2-0-6-7-11-99-20-1-255-255-6-7-11-99-20-1-255-1-6-7-33-255
Pencil Sharpener (Following 2),22,TYPE_MOVE_PLAT,0,10,,,---IPL--,---IPL--,80,80,4,0,0,0,True,-1,,,,11-99-20-1-254-0-6-7-11-99-20-1-1-255-6-7-11-99-20-1-1-1-6-7-33-255
Water Lily (Horizontal),22,TYPE_MOVE_PLAT,0,16,16-----,13-----,NEN-----,NEN-----,40,0,18,0,0,0,True,-1,,1-9,11-99-20-1-2-0-23-0-11-99-20-1-254-0-23-1-33-255,11-99-20-1-2-0-6-4-11-99-20-1-254-0-6-4-33-255
Water Lily (Vertical),22,TYPE_MOVE_PLAT,0,16,,,NEN-----,NEN-----,40,0,18,0,0,0,True,-1,,1-9,11-99-20-1-0-254-23-0-11-99-20-1-0-2-23-1-33-255,11-99-20-1-0-254-6-4-11-99-20-1-0-2-6-4-33-255
Rayman On Bzzit,23,TYPE_RAYMAN,6,0,23-----,19-----,,,80,80,48,0,1,0,False,-1,,,2-254-33-255,
Cloud (Spring),25,TYPE_INST_PLAT,0,22,-13---14-,-11---12-,NUA-----,NUA-----,64,0,12,0,0,0,True,-1,,,2-254-33-255,2-254-33-255
Cloud (Disappearing),26,TYPE_CRUMBLE_PLAT,0,21,-13-13-16-14-17,-11-10-12-12-16,-NUA-NUA-NUA-NUA-NUA,-NUA-NUA-NUA-NUA-NUA,64,0,12,0,0,0,True,-1,,,2-254-33-255,2-254-33-255
Water Lily (Disappearing),26,TYPE_CRUMBLE_PLAT,0,21,,,NEN-----,NEN-----,40,0,18,0,0,0,True,-1,,,,2-254-33-255
Cloud (Trampoline),27,TYPE_BOING_PLAT,0,24,-13-13-16-14-,-11-10-12-12-,-NUA-NUA-NUA-NUA-NUA,-NUA-NUA-NUA-NUA-NUA,64,0,12,0,0,0,True,-1,,,2-254-33-255,2-254-33-255
Water Lily (Trampoline),27,TYPE_BOING_PLAT,0,24,,,NEN-----,NEN-----,40,0,18,0,0,0,True,-1,,,,2-254-33-255
Cloud (Flashing),28,TYPE_ONOFF_PLAT,0,20,-13-13-16-14-,-11-10-12-12-,-NUA-NUA-NUA-NUA-NUA,-NUA-NUA-NUA-NUA-NUA,64,0,12,0,0,0,True,-1,,,2-254-33-255,2-254-33-255
Cloud (Autojump),29,TYPE_AUTOJUMP_PLAT,0,23,,,-NUA-NUA-NUA-NUA-NUA,-NUA-NUA-NUA-NUA-NUA,64,0,12,0,0,0,True,-1,,,2-254-33-255,2-254-33-255
Water Lily (Autojump),29,TYPE_AUTOJUMP_PLAT,0,23,,,NEN-----,NEN-----,40,0,18,0,0,0,True,-1,,,,2-254-33-255
Ambient Starter,30,TYPE_AUDIOSTART,5,65,4-4-4-4-4-4,2-2-2-2-2-2,,,64,64,64,0,11,255,False,-1,,,,
Oneup Collected,31,TYPE_ONEUP_ALWAYS,5,19,4-4-4--4-4,2-2-2--2-2,PNG-PNG-PNG--PNG-PNG,PNG-PNG-PNG--PNG-PNG,80,64,32,0,200,0,False,-1,,,2-254-33-255,2-254-33-255
Oneup Collected,31,TYPE_ONEUP_ALWAYS,5,19,---4--,---2--,---PNG--,---PNG--,80,64,32,0,200,0,False,-1,,,30-254-33-255,30-254-33-255
Mr Dark (Boss 2nd Phase),32,TYPE_DARK_PHASE2,0,38,-----24,-----13,,,80,136,0,0,1,255,False,-1,,,2-254-33-255,
Fireballs,33,TYPE_DARK2_SORT,0,37,-----24,-----13,-----VIR,-----VIR,96,144,112,0,0,255,False,-1,,,30-200-33-255,30-200-33-255
Water Lily (Horizontal Autojump),34,TYPE_MOVE_AUTOJUMP_PLAT,0,27,16-----,13-----,,,40,0,18,0,0,0,True,-1,,1-9,11-99-20-1-2-0-23-0-11-99-20-1-254-0-23-1-33-255,
Stone Man (Throws Lavaballs),35,TYPE_STONEMAN1,0,0,--14---,--11---,--HP---,--HP---,80,127,0,3,5,254,False,-1,,80-9-80-27-9-27-97-97-92-9-27,11-4-8-0-5-7-19-1-11-2-0-200-25-0-19-1-24-1-11-5-8-0-5-7-19-1-11-3-1-200-25-2-19-1-24-3-11-0-8-0-5-3-19-1-8-0-5-4-19-1-17-2-0-26-4-24-5-11-1-8-0-5-1-19-1-17-70-27-6-11-7-8-0-5-2-19-1-24-7-11-9-8-0-17-1-1-26-8-5-0-14-11-6-5-8-14-11-8-17-0-0-26-9-24-10-33-255,11-4-8-0-5-7-19-1-11-2-0-200-13-9-19-1-12-2-11-5-8-0-5-7-19-1-11-3-1-200-13-9-19-1-12-3-11-0-8-0-5-3-19-1-8-0-5-4-19-1-17-2-0-15-2-12-3-11-1-8-0-5-1-19-1-17-70-16-8-11-7-8-0-5-2-19-1-12-8-11-9-8-0-17-1-1-15-6-5-0-14-11-6-5-8-14-11-8-17-0-0-15-2-12-3-33-255
Stone Man (Throws Lavaballs),35,TYPE_STONEMAN1,0,0,,,----HP-,----HP-,80,127,0,3,10,254,False,-1,,,,11-4-8-0-5-7-19-1-11-2-0-200-13-9-19-1-12-2-11-5-8-0-5-7-19-1-11-3-1-200-13-9-19-1-12-3-11-0-8-0-5-3-19-1-8-0-5-4-19-1-17-2-0-15-2-12-3-11-1-8-0-5-1-19-1-17-70-16-8-11-7-8-0-5-2-19-1-12-8-11-9-8-0-17-1-1-15-6-5-0-14-11-6-5-8-14-11-8-17-0-0-15-2-12-3-33-255
Lava Ball (Thrown),36,TYPE_STONEBOMB,2,2,--14---,--11---,--HP--HPV-,--HP--HP-,80,96,80,3,2,255,False,-1,,1-7,11-0-0-100-23-0-11-1-1-100-23-1-33-255,11-0-0-100-6-4-11-1-1-100-6-4-33-255
Tarayzan,37,TYPE_TARZAN,0,0,20-----,17-----,,,80,97,80,0,1,254,False,-1,,,2-200-33-255,
Magic Seed,38,TYPE_GRAINE,0,5,20-----,17-----,TRZ-----,TRZ-----,20,34,20,0,0,0,False,-1,,,2-200-33-255,2-200-33-255
Water Lily Planted,39,TYPE_NEN_GRAINE,0,38,16-----,13-----,,,40,118,18,0,0,0,True,-1,,,2-200-33-255,
Water Lily Planted,39,TYPE_NEN_GRAINE,0,38,,,NEN-----,NEN-----,40,118,18,0,1,254,True,-1,,,2-200-33-255,2-200-33-255
Stone Dog,40,TYPE_STONEDOG,0,0,--15--17-,--12--15-,--TIP--TIP-,--TIP--TIP-,80,96,64,3,2,254,False,-1,,1-13-46-40-46-46-40-1-13-40,11-0-0-200-8-0-5-0-19-3-24-0-11-1-1-200-8-0-5-0-19-3-24-1-11-2-8-2-5-0-20-1-0-252-17-0-0-26-2-11-7-1-200-24-3-11-6-0-200-24-4-11-8-20-1-0-0-8-0-5-0-19-1-8-2-11-9-5-0-20-1-0-250-17-0-0-26-5-24-6-11-4-8-0-5-1-19-1-8-0-5-0-19-1-11-3-17-0-0-26-7-24-8-11-5-8-2-5-1-20-1-0-254-17-0-0-26-9-33-255,11-0-0-200-8-0-5-0-19-3-12-0-11-1-1-200-8-0-5-0-19-3-12-1-11-2-8-2-5-0-20-1-0-252-17-0-0-15-6-11-7-1-200-12-7-11-6-0-200-12-6-11-8-20-1-0-0-8-0-5-0-19-1-8-2-11-9-5-0-20-1-0-250-17-0-0-15-6-12-7-11-4-8-0-5-1-19-1-8-0-5-0-19-1-11-3-17-0-0-15-0-12-1-11-5-8-2-5-1-20-1-0-254-17-0-0-15-7-33-255
Prickly,41,TYPE_OUYE,0,0,-25-23--23-,-22-18--22-,CPV-PIC-CPL--CPL-CPL,CPL-CPL-CPL--CPL-CPL,18,32,0,0,0,254,False,-1,,,2-254-33-255,2-254-33-255
Exit Sign,42,TYPE_SIGNPOST,0,1,12-10-12-14-13-14,8-7-8-9-10-12,ELE-ELE-ELE-ELE-ELE-ELE,PAN-PAN-PAN-PAN-PAN-PAN,80,96,50,0,0,255,False,-1,,,2-254-33-255,2-254-33-255
Exit Sign (Mirrored),42,TYPE_SIGNPOST,0,2,,,ELE-ELE-ELE-ELE-ELE-ELE,PAN-PAN-PAN-PAN-PAN-PAN,80,96,50,0,0,255,False,-1,,,2-254-33-255,2-254-33-255
Stone Man (Slams Ground),43,TYPE_STONEMAN2,0,0,--14---,--11---,--HP---,--HP---,80,127,0,3,5,254,False,-1,,82-9-82-27-9-27-99-99-94-9-27,11-4-8-0-5-7-19-1-11-2-0-200-25-0-19-1-24-1-11-5-8-0-5-7-19-1-11-3-1-200-25-2-19-1-24-3-11-0-8-0-5-3-19-1-8-0-5-4-19-1-17-2-0-26-4-24-5-11-1-8-0-5-1-19-1-17-70-27-6-11-7-8-0-5-5-19-1-19-1-24-7-11-9-8-0-17-1-1-26-8-5-0-14-11-6-5-8-14-11-8-17-0-0-26-9-24-10-33-255,11-4-8-0-5-7-19-1-11-2-0-200-13-9-19-1-12-2-11-5-8-0-5-7-19-1-11-3-1-200-13-9-19-1-12-3-11-0-8-0-5-3-19-1-8-0-5-4-19-1-17-2-0-15-2-12-3-11-1-8-0-5-1-19-1-17-70-16-8-11-7-8-0-5-5-19-1-19-1-12-8-11-9-8-0-17-1-1-15-6-5-0-14-11-6-5-8-14-11-8-17-0-0-15-2-12-3-33-255
Stone Man (Slams Ground),43,TYPE_STONEMAN2,0,0,,,----HP-,----HP-,80,127,0,3,10,254,False,-1,,82-9-82-27-9-27-99-99-94-9-27,11-4-8-0-5-7-19-1-11-2-0-200-25-0-19-1-24-1-11-5-8-0-5-7-19-1-11-3-1-200-25-2-19-1-24-3-11-0-8-0-5-3-19-1-8-0-5-4-19-1-17-2-0-26-4-24-5-11-1-8-0-5-1-19-1-17-70-27-6-11-7-8-0-5-5-19-1-19-1-24-7-11-9-8-0-17-1-1-26-8-5-0-14-11-6-5-8-14-11-8-17-0-0-26-9-24-10-33-255,11-4-8-0-5-7-19-1-11-2-0-200-13-9-19-1-12-2-11-5-8-0-5-7-19-1-11-3-1-200-13-9-19-1-12-3-11-0-8-0-5-3-19-1-8-0-5-4-19-1-17-2-0-15-2-12-3-11-1-8-0-5-1-19-1-17-70-16-8-11-7-8-0-5-5-19-1-19-1-12-8-11-9-8-0-17-1-1-15-6-5-0-14-11-6-5-8-14-11-8-17-0-0-15-2-12-3-33-255
Flame Projectile,44,TYPE_CLASH,2,3,--12---14,--7---11,--ELE--ELE-ELE,--ELE--ELE-ELE,24,14,0,3,0,254,False,-1,,1-7,11-0-0-100-23-0-11-1-1-100-23-1-33-255,11-0-0-100-6-4-11-1-1-100-6-4-33-255
Prickly (Horizontal),45,TYPE_MOVE_OUYE,0,0,--23--23-,--18--22-,--CPL--CPL-,--CPL--CPL-,18,32,0,0,0,254,False,-1,,1-9,11-99-20-1-2-0-23-0-11-99-20-1-254-0-23-1-33-255,11-99-20-1-2-0-6-4-11-99-20-1-254-0-6-4-33-255
Prickly (Square),45,TYPE_MOVE_OUYE,0,0,--23--23-,--18--22-,--CPL--CPL-,--CPL--CPL-,18,32,0,0,0,254,False,-1,,1-9-17-25,11-99-20-1-254-0-23-0-11-99-20-1-0-2-23-1-11-99-20-1-2-0-23-2-11-99-20-1-0-254-23-3-33-255,11-99-20-1-254-0-6-10-11-99-20-1-0-2-6-10-11-99-20-1-2-0-6-10-11-99-20-1-0-254-6-10-33-255
Prickly (Triangle),45,TYPE_MOVE_OUYE,0,0,--23--23-,--18--22-,--CPL--CPL-,--CPL--CPL-,18,32,0,0,0,254,False,-1,,1-9-17,11-99-20-1-2-254-23-0-11-99-20-1-2-2-23-1-11-99-20-1-254-0-23-2-33-255,11-99-20-1-2-254-6-7-11-99-20-1-2-2-6-7-11-99-20-1-254-0-6-7-33-255
Prickly (Vertical),45,TYPE_MOVE_OUYE,0,0,--23--23-,--18--22-,--CPL--CPL-,--CPL--CPL-,18,32,0,0,0,254,False,-1,,1-9,11-99-20-1-0-254-23-0-11-99-20-1-0-2-23-1-33-255,11-99-20-1-0-254-6-4-11-99-20-1-0-2-6-4-33-255
Mr Stone (Boss),46,TYPE_BB1,0,0,--16---,--13---,,,128,200,30,0,8,253,False,-1,,1-1-1-1-37-43-1,11-0-2-100-24-0-11-1-8-0-5-3-19-1-24-1-11-2-8-0-5-4-19-1-24-2-11-3-8-0-5-2-19-1-24-3-11-4-0-200-24-4-11-5-1-200-24-5-11-6-8-0-5-5-19-1-24-6-33-255,
Lava Ball (Small bounce),47,TYPE_STONEBOMB2,2,2,--14--39-,--11--13-,--HP--HPV-,--HP--HP-,80,96,80,3,2,255,False,-1,,,2-254-33-255,2-254-33-255
Torch (Foreground),48,TYPE_FLAMME2,0,3,--20---,--14---,--TOR--TOV-,--BST--BST-,80,50,18,0,200,0,False,-1,,,2-250-33-255,2-250-33-255
Flat Stone (Down),49,TYPE_MOVE_START_PLAT,0,0,----37-,----4-,----PIV-,----BST-,128,50,20,0,200,0,True,-1,,47-9-17-25-33-41,2-10-23-0-11-0-5-1-11-99-20-1-0-1-23-1-11-99-20-1-0-2-23-2-11-99-20-1-0-3-23-3-11-99-20-1-0-4-23-4-11-99-20-1-0-5-23-5-33-255,2-10-6-17-11-0-5-1-11-99-20-1-0-1-6-17-11-99-20-1-0-2-6-17-11-99-20-1-0-3-6-17-11-99-20-1-0-4-6-17-11-99-20-1-0-5-6-17-33-255
Flat Stone (Right Diagonal),49,TYPE_MOVE_START_PLAT,0,0,,,----PIV-,----BST-,128,50,20,0,200,0,True,-1,,,,2-10-6-26-11-0-5-1-11-99-20-1-255-1-6-26-11-99-20-1-0-1-6-26-11-99-20-1-1-1-6-26-11-99-20-1-0-2-6-26-11-99-20-1-0-3-6-26-11-99-20-1-0-4-6-26-11-99-20-1-0-5-6-26-11-99-20-1-0-6-6-26-33-255
Flat Stone (Down),49,TYPE_MOVE_START_PLAT,0,0,,,--PIS---,--BST---,128,200,20,0,200,0,True,-1,,,,2-10-6-17-11-0-5-1-11-99-20-1-0-1-6-17-11-99-20-1-0-2-6-17-11-99-20-1-0-3-6-17-11-99-20-1-0-4-6-17-11-99-20-1-0-5-6-17-33-255
Flat Stone (Left Diagonal),49,TYPE_MOVE_START_PLAT,0,0,,,--PIS---,--BST---,128,200,20,0,200,0,True,-1,,71-9-17-25-33-41-49-57-65,2-10-23-0-11-0-5-1-11-99-20-1-1-1-23-1-11-99-20-1-0-1-23-2-11-99-20-1-255-1-23-3-11-99-20-1-0-2-23-4-11-99-20-1-0-3-23-5-11-99-20-1-0-4-23-6-11-99-20-1-0-5-23-7-11-99-20-1-0-6-23-8-33-255,2-10-6-26-11-0-5-1-11-99-20-1-1-1-6-26-11-99-20-1-0-1-6-26-11-99-20-1-255-1-6-26-11-99-20-1-0-2-6-26-11-99-20-1-0-3-6-26-11-99-20-1-0-4-6-26-11-99-20-1-0-5-6-26-11-99-20-1-0-6-6-26-33-255
Flat Stone (Right Diagonal),49,TYPE_MOVE_START_PLAT,0,0,,,--PIS---,--BST---,128,200,20,0,200,0,True,-1,,47-9-17-25-33-41,2-10-23-0-11-0-5-1-11-99-20-1-0-1-23-1-11-99-20-1-0-2-23-2-11-99-20-1-0-3-23-3-11-99-20-1-0-4-23-4-11-99-20-1-0-5-23-5-33-255,2-10-6-26-11-0-5-1-11-99-20-1-255-1-6-26-11-99-20-1-0-1-6-26-11-99-20-1-1-1-6-26-11-99-20-1-0-2-6-26-11-99-20-1-0-3-6-26-11-99-20-1-0-4-6-26-11-99-20-1-0-5-6-26-11-99-20-1-0-6-6-26-33-255
Bzzit (Boss),50,TYPE_MOSKITO,0,13,14-----,12-----,,,80,80,48,0,5,254,False,-1,,1-7,11-1-19-1-23-0-11-2-30-200-24-1-33-255,
Spiky Fruit (Moskito),51,TYPE_MST_FRUIT1,2,0,15-----,12-----,???-???-???-???-???-???,???-???-???-???-???-???,19,20,0,0,1,254,False,-1,,,30-200-33-255,30-200-33-255
Spiky Fruit Medium (Moskito),52,TYPE_MST_FRUIT2,2,2,15-----,12-----,???-???-???-???-???-???,???-???-???-???-???-???,40,70,0,0,1,254,False,-1,,,30-200-33-255,30-200-33-255
Spiky Fruit,53,TYPE_MST_SHAKY_FRUIT,0,-1,,,FRP-----,FRP-----,20,32,8,0,1,254,False,-1,,,,30-200-6-8-11-0-5-1-9-10-20-1-246-0-20-1-10-0-10-8-2-5-0-33-255
Spiky Fruit,53,TYPE_MST_SHAKY_FRUIT,0,0,28-----,24-----,FRP-----,FRP-----,20,32,8,0,1,254,False,-1,,22,30-200-23-0-11-0-5-1-9-10-20-1-246-0-20-1-10-0-10-8-2-5-0-33-255,
Musician,55,TYPE_MUS_WAIT,0,1,--21---,--15---,--MUS---,--MUS---,18,32,0,0,0,0,False,-1,,,2-200-33-255,2-200-33-255
Stone Man (Throws Lavaballs Stationary),56,TYPE_STONEWOMAN2,0,0,--14---,--11---,--HP--HP-,--HP--HP-,80,127,0,3,15,254,False,-1,,1-23-67-57-1-1-1-1,11-10-8-0-5-14-19-1-24-0-11-11-8-0-5-10-19-1-17-70-28-1-24-2-24-3-11-0-8-0-5-3-19-1-8-0-5-4-19-1-8-0-5-14-24-4-11-1-8-0-5-1-19-1-24-5-11-7-8-0-5-9-19-1-24-6-11-12-8-0-5-13-19-2-24-7-33-255,11-10-8-0-5-14-19-1-12-10-11-11-8-0-5-10-19-1-17-70-31-1-12-12-12-7-11-0-8-0-5-3-19-1-8-0-5-4-19-1-8-0-5-14-12-10-11-1-8-0-5-1-19-1-12-10-11-7-8-0-5-9-19-1-12-10-11-12-8-0-5-13-19-2-12-10-33-255
Flying Spike (Left),57,TYPE_STALAG,0,4,--18--37-,--14--4-,----PIV-,----BST-,28,18,0,0,10,254,False,-1,,53-47,2-100-23-0-11-99-5-5-20-2-0-255-20-2-0-1-20-2-0-255-20-2-0-1-20-2-0-255-20-2-0-1-20-2-0-255-20-2-0-1-20-2-0-255-20-2-0-1-20-1-254-0-23-1-33-255,2-100-6-14-11-99-5-5-20-2-0-255-20-2-0-1-20-2-0-255-20-2-0-1-20-2-0-255-20-2-0-1-20-2-0-255-20-2-0-1-20-2-0-255-20-2-0-1-20-1-254-0-6-14-33-255
Flying Spike (Right),57,TYPE_STALAG,0,4,--18--37-,--14--4-,----PIV-,----BST-,28,18,0,0,10,254,False,-1,,1-49,1-1-2-100-23-0-11-99-5-5-20-2-0-255-20-2-0-1-20-2-0-255-20-2-0-1-20-2-0-255-20-2-0-1-20-2-0-255-20-2-0-1-20-2-0-255-20-2-0-1-20-1-2-0-23-1-33-255,1-1-2-100-6-15-11-99-5-5-20-2-0-255-20-2-0-1-20-2-0-255-20-2-0-1-20-2-0-255-20-2-0-1-20-2-0-255-20-2-0-1-20-2-0-255-20-2-0-1-20-1-2-0-6-15-33-255
Flying Spike (Right),57,TYPE_STALAG,0,4,,,--PIS---,--BST---,28,18,1,0,10,254,False,-1,,1-49,1-1-2-100-23-0-11-99-5-5-20-2-0-255-20-2-0-1-20-2-0-255-20-2-0-1-20-2-0-255-20-2-0-1-20-2-0-255-20-2-0-1-20-2-0-255-20-2-0-1-20-1-2-0-23-1-33-255,1-1-2-100-6-15-11-99-5-5-20-2-0-255-20-2-0-1-20-2-0-255-20-2-0-1-20-2-0-255-20-2-0-1-20-2-0-255-20-2-0-1-20-2-0-255-20-2-0-1-20-1-2-0-6-15-33-255
Flying Spike (Left),57,TYPE_STALAG,0,4,,,--PIS---,--BST---,28,18,2,0,10,254,False,-1,,53-47,2-100-23-0-11-99-5-5-20-2-0-255-20-2-0-1-20-2-0-255-20-2-0-1-20-2-0-255-20-2-0-1-20-2-0-255-20-2-0-1-20-2-0-255-20-2-0-1-20-1-254-0-23-1-33-255,2-100-6-14-11-99-5-5-20-2-0-255-20-2-0-1-20-2-0-255-20-2-0-1-20-2-0-255-20-2-0-1-20-2-0-255-20-2-0-1-20-2-0-255-20-2-0-1-20-1-254-0-6-14-33-255
Flying Spike Small (Up),57,TYPE_STALAG,0,7,--18--37-,--14--4-,--PIS--PIV-,--BST--BST-,28,18,0,0,10,254,False,-1,,,20-1-0-255-33-255,20-1-0-255-33-255
Flying Spike Big (Up),57,TYPE_STALAG,0,8,--18--37-,--14--4-,--PIS--PIV-,--BST--BST-,28,18,0,0,10,254,False,-1,,,20-1-0-255-33-255,20-1-0-255-33-255
Cage,58,TYPE_CAGE,0,6,12-10-12-14-13-,7-6-7-8-9-,,,80,89,0,0,2,254,False,-1,,,2-200-33-255,
Cage (Appearing),58,TYPE_CAGE,2,4,12-10-12-14-13-,7-6-7-8-9-,,,80,89,0,0,2,254,False,-1,,,2-200-33-255,
Cage (Opened),59,TYPE_CAGE2,0,9,12-10-12--13-14,7-6-7--9-11,,,80,89,0,0,0,254,False,-1,,,2-200-33-255,
Cage (Opened),59,TYPE_CAGE2,0,9,---14--,---8--,,,80,89,0,0,0,254,False,-1,,,30-200-33-255,
Clown Big,60,TYPE_BIG_CLOWN,0,0,-----15,-----14,-----BIG,-----BIG,80,96,0,0,8,254,False,-1,,9-29-73-73-73-9-29,11-0-8-0-5-7-19-1-11-2-0-200-8-0-5-0-19-1-24-0-11-1-8-0-5-7-19-1-11-3-1-200-8-0-5-0-19-1-24-1-11-4-8-2-5-1-20-1-0-254-24-2-11-5-8-0-5-2-20-1-0-0-24-3-11-6-8-1-5-21-24-4-11-7-17-0-0-26-5-24-6-33-255,11-0-8-0-5-7-19-1-11-2-0-200-8-0-5-0-19-1-12-2-11-1-8-0-5-7-19-1-11-3-1-200-8-0-5-0-19-1-12-3-11-4-8-2-5-1-20-1-0-254-12-7-11-5-8-0-5-2-20-1-0-0-12-7-11-6-8-1-5-21-12-7-11-7-17-0-0-15-2-12-3-33-255
Clown Water,61,TYPE_WAT_CLOWN,0,0,-----16,-----15,-----WAT,-----WAT,80,96,0,0,4,255,False,-1,,9-31-83-83-83-9-31,11-0-8-0-5-7-19-1-11-2-0-200-2-1-8-0-5-0-19-1-24-0-11-1-8-0-5-7-19-1-11-3-1-200-2-1-8-0-5-0-19-1-24-1-11-4-8-2-5-1-20-1-0-254-24-2-11-5-8-0-5-2-20-1-0-0-24-3-11-6-8-0-5-22-19-1-8-1-5-0-24-4-11-7-17-0-0-26-5-24-6-33-255,11-0-8-0-5-7-19-1-11-2-0-200-2-1-8-0-5-0-19-1-12-2-11-1-8-0-5-7-19-1-11-3-1-200-2-1-8-0-5-0-19-1-12-3-11-4-8-2-5-1-20-1-0-254-12-7-11-5-8-0-5-2-20-1-0-0-12-7-11-6-8-0-5-22-19-1-8-1-5-0-12-7-11-7-17-0-0-15-2-12-3-33-255
Water Drop,62,TYPE_DROP,2,0,-----31,-----27,-----GOU,-----GOU,64,80,64,0,0,254,False,-1,,1-7,11-0-0-100-23-0-11-1-1-100-23-1-33-255,11-0-0-100-6-4-11-1-1-100-6-4-33-255
Cloud (Left on contact),63,TYPE_MOVE_START_NUA,0,1,-13-13--14-17,-11-10--12-16,-NUA-NUA-NUA-NUA-NUA,-NUA-NUA-NUA-NUA-NUA,64,0,12,0,0,0,True,-1,,23-9-17,2-10-23-0-11-0-5-10-11-99-20-1-224-0-23-1-11-99-20-1-32-0-23-2-33-255,2-10-6-8-11-0-5-10-11-99-20-1-224-0-6-8-11-99-20-1-32-0-6-8-33-255
Cloud (Right on contact),63,TYPE_MOVE_START_NUA,0,1,-13-13--14-17,-11-10--12-16,-NUA-NUA-NUA-NUA-NUA,-NUA-NUA-NUA-NUA-NUA,64,0,12,0,0,0,True,-1,,23-9-17,2-10-23-0-11-0-5-10-11-99-20-1-32-0-23-1-11-99-20-1-224-0-23-2-33-255,2-10-6-8-11-0-5-10-11-99-20-1-32-0-6-8-11-99-20-1-224-0-6-8-33-255
Cloud (Down on contact and stops),63,TYPE_MOVE_START_NUA,0,1,,,NUA-NUA-NUA-NUA-NUA-NUA,NUA-NUA-NUA-NUA-NUA-NUA,64,0,12,0,0,0,True,-1,,23-9-17,2-10-23-0-11-0-5-10-11-99-20-1-0-32-23-1-11-99-20-1-0-0-23-2-33-255,2-10-6-8-11-0-5-10-11-99-20-1-0-32-6-8-11-99-20-1-0-0-6-8-33-255
Cloud (Left on contact and stops),63,TYPE_MOVE_START_NUA,0,1,,,NUA-NUA-NUA-NUA-NUA-NUA,NUA-NUA-NUA-NUA-NUA-NUA,64,0,12,0,0,0,True,-1,,23-9-17,2-10-23-0-11-0-5-10-11-99-20-1-224-0-23-1-11-99-20-1-0-0-23-2-33-255,2-10-6-8-11-0-5-10-11-99-20-1-224-0-6-8-11-99-20-1-0-0-6-8-33-255
Cloud (Right on contact and stops),63,TYPE_MOVE_START_NUA,0,1,,,NUA-NUA-NUA-NUA-NUA-NUA,NUA-NUA-NUA-NUA-NUA-NUA,64,0,12,0,0,0,True,-1,,23-9-17,2-10-23-0-11-0-5-10-11-99-20-1-32-0-23-1-11-99-20-1-0-0-23-2-33-255,2-10-6-8-11-0-5-10-11-99-20-1-32-0-6-8-11-99-20-1-0-0-6-8-33-255
Cloud (Up on contact and stops),63,TYPE_MOVE_START_NUA,0,1,,,NUA-NUA-NUA-NUA-NUA-NUA,NUA-NUA-NUA-NUA-NUA-NUA,64,0,12,0,0,0,True,-1,,23-9-17,2-10-23-0-11-0-5-10-11-99-20-1-0-224-23-1-11-99-20-1-0-0-23-2-33-255,2-10-6-8-11-0-5-10-11-99-20-1-0-224-6-8-11-99-20-1-0-0-6-8-33-255
Cloud (Pattern Custom 1),63,TYPE_MOVE_START_NUA,0,1,-13----,-11----,,,64,0,6,0,0,0,True,-1,,69-7-15-23-31-39-47-55-63,2-10-23-0-11-0-5-10-20-1-16-0-23-1-11-99-20-1-0-240-23-2-11-99-20-1-16-240-23-3-11-99-20-1-16-0-23-4-11-99-20-1-16-16-23-5-11-99-20-1-16-0-23-6-11-99-20-1-0-16-23-7-11-99-20-1-0-0-23-8-33-255,
Cloud (Pattern Custom 2),63,TYPE_MOVE_START_NUA,0,1,--13---,--10---,,,64,0,6,0,0,0,True,-1,,165-7-15-23-31-39-47-55-63-71-79-87-95-103-111-119-127-135-143-151-159,2-10-23-0-11-0-5-10-20-1-16-0-23-1-11-99-20-1-32-0-23-2-11-99-20-1-16-248-23-3-11-99-20-1-16-240-23-4-11-99-20-1-0-240-23-5-11-99-20-1-240-240-23-6-11-99-20-1-240-224-23-7-11-99-20-1-0-224-23-8-11-99-20-1-16-224-23-9-11-99-20-1-16-240-23-10-11-99-20-1-32-240-23-11-11-99-20-1-32-0-23-12-11-99-20-1-32-16-23-13-11-99-20-1-16-16-23-14-11-99-20-1-16-0-23-15-11-99-20-1-32-240-23-16-11-99-20-1-32-0-23-17-11-99-20-1-8-0-23-18-11-99-20-1-16-0-23-19-11-99-20-1-32-16-23-20-33-255,
Cloud (Pattern Cyclical),63,TYPE_MOVE_START_NUA,0,1,,,NUA-NUA-NUA-NUA-NUA-NUA,NUA-NUA-NUA-NUA-NUA-NUA,64,0,6,0,0,0,True,-1,,71-9-17-25-33-41-49-57-65,2-10-23-0-11-0-5-10-11-99-20-1-16-0-23-1-11-99-20-1-16-240-23-2-11-99-20-1-0-240-23-3-11-99-20-1-240-240-23-4-11-99-20-1-240-0-23-5-11-99-20-1-240-16-23-6-11-99-20-1-0-16-23-7-11-99-20-1-16-16-23-8-33-255,2-10-6-26-11-0-5-10-11-99-20-1-16-0-6-26-11-99-20-1-16-240-6-26-11-99-20-1-0-240-6-26-11-99-20-1-240-240-6-26-11-99-20-1-240-0-6-26-11-99-20-1-240-16-6-26-11-99-20-1-0-16-6-26-11-99-20-1-16-16-6-26-33-255
Cloud (Pattern Cyclical upwards),63,TYPE_MOVE_START_NUA,0,1,,,NUA-NUA-NUA-NUA-NUA-NUA,NUA-NUA-NUA-NUA-NUA-NUA,64,0,6,0,0,0,True,-1,,,,2-10-6-26-11-0-5-10-11-99-20-1-16-0-6-26-11-99-20-1-16-240-6-26-11-99-20-1-0-240-6-26-11-99-20-1-240-240-6-26-11-99-20-1-240-0-6-26-11-99-20-1-240-240-6-26-11-99-20-1-0-240-6-26-11-99-20-1-16-240-6-26-33-255
Pencil Sharpener (Down on contact),63,TYPE_MOVE_START_NUA,0,11,---13--,---7--,---IPL--,---IPL--,80,80,4,0,0,0,True,-1,,23-9-17,2-10-23-0-11-0-5-10-11-99-20-1-0-32-23-1-11-99-20-1-0-224-23-2-33-255,2-10-6-8-11-0-5-10-11-99-20-1-0-32-6-8-11-99-20-1-0-224-6-8-33-255
Pencil Sharpener (Left on contact),63,TYPE_MOVE_START_NUA,0,11,---13--,---7--,---IPL--,---IPL--,80,80,4,0,0,0,True,-1,,23-9-17,2-10-23-0-11-0-5-10-11-99-20-1-224-0-23-1-11-99-20-1-32-0-23-2-33-255,2-10-6-8-11-0-5-10-11-99-20-1-224-0-6-8-11-99-20-1-32-0-6-8-33-255
Pencil Sharpener (Right on contact),63,TYPE_MOVE_START_NUA,0,11,---13--,---7--,---IPL--,---IPL--,80,80,4,0,0,0,True,-1,,23-9-17,2-10-23-0-11-0-5-10-11-99-20-1-32-0-23-1-11-99-20-1-224-0-23-2-33-255,2-10-6-8-11-0-5-10-11-99-20-1-32-0-6-8-11-99-20-1-224-0-6-8-33-255
Pencil Sharpener (Up on contact),63,TYPE_MOVE_START_NUA,0,11,---13--,---7--,---IPL--,---IPL--,80,80,4,0,0,0,True,-1,,23-9-17,2-10-23-0-11-0-5-10-11-99-20-1-0-224-23-1-11-99-20-1-0-32-23-2-33-255,2-10-6-8-11-0-5-10-11-99-20-1-0-224-6-8-11-99-20-1-0-32-6-8-33-255
Water Lily (Right on contact),63,TYPE_MOVE_START_NUA,0,16,16-----,13-----,,,40,0,18,0,0,0,True,-1,,23-9-17,2-10-23-0-11-0-5-10-11-99-20-1-32-0-23-1-11-99-20-1-224-0-23-2-33-255,2-10-6-8-11-0-5-10-11-99-20-1-32-0-6-8-11-99-20-1-224-0-6-8-33-255
Water Lily (Left on contact),63,TYPE_MOVE_START_NUA,0,16,,,NEN-----,NEN-----,40,0,18,0,0,0,True,-1,,23-9-17,2-10-23-0-11-0-5-10-11-99-20-1-224-0-23-1-11-99-20-1-32-0-23-2-33-255,2-10-6-8-11-0-5-10-11-99-20-1-224-0-6-8-11-99-20-1-32-0-6-8-33-255
Water Lily (Down on contact and stops),63,TYPE_MOVE_START_NUA,0,16,,,NEN-----,NEN-----,40,0,18,0,0,0,True,-1,,,,2-10-6-8-11-0-5-10-11-99-20-1-0-32-6-8-11-99-20-1-0-0-6-0-33-255
Water Lily (Left on contact and stops),63,TYPE_MOVE_START_NUA,0,16,,,NEN-----,NEN-----,40,0,18,0,0,0,True,-1,,,,2-10-6-8-11-0-5-10-11-99-20-1-224-0-6-8-11-99-20-1-0-0-6-0-33-255
Water Lily (Right on contact and stops),63,TYPE_MOVE_START_NUA,0,16,,,NEN-----,NEN-----,40,0,18,0,0,0,True,-1,,,,2-10-6-8-11-0-5-10-11-99-20-1-32-0-6-8-11-99-20-1-0-0-6-0-33-255
Water Lily (Up on contact and stops),63,TYPE_MOVE_START_NUA,0,16,,,NEN-----,NEN-----,40,0,18,0,0,0,True,-1,,,,2-10-6-8-11-0-5-10-11-99-20-1-0-224-6-8-11-99-20-1-0-0-6-0-33-255
Moving screen (Increase left speed),64,TYPE_SCROLL,0,0,12-10-12---,8-7-8---,,,80,96,50,0,1,0,False,-1,,,2-254-33-255,
Moving screen (Increase right speed),64,TYPE_SCROLL,0,0,12-10-12---,8-7-8---,,,80,96,50,0,0,0,False,-1,,,2-254-33-255,
Moving Screen (Up fast),64,TYPE_SCROLL,0,2,--12---,--8---,,,80,96,50,0,2,0,False,-1,,,2-254-33-255,
Moving Screen (Up slow - seed triggered),64,TYPE_SCROLL,0,2,12-----,8-----,,,80,96,50,0,3,0,False,-1,,,2-254-33-255,
Spider,65,TYPE_SPIDER,1,0,,,--SPI--SPI-,--SPI--SPI-,80,96,48,0,4,2,False,-1,,77-9-77-27-97,11-0-8-0-5-1-19-1-11-1-0-200-25-0-19-1-24-1-11-2-8-0-5-1-19-1-11-3-1-200-25-2-19-1-24-3-11-5-8-0-5-5-19-1-5-2-19-1-5-3-19-1-5-4-19-1-14-11-6-2-1-8-0-5-2-19-1-5-3-19-1-5-4-19-1-14-11-4-8-0-5-0-14-11-7-8-0-5-6-19-1-19-1-19-1-14-11-8-2-254-24-4-33-255,11-0-8-0-5-1-19-1-11-1-0-200-13-4-19-1-12-1-11-2-8-0-5-1-19-1-11-3-1-200-13-4-19-1-12-3-11-5-8-0-5-5-19-1-5-2-19-1-5-3-19-1-5-4-19-1-14-11-6-2-1-8-0-5-2-19-1-5-3-19-1-5-4-19-1-14-11-4-8-0-5-0-14-11-7-8-0-5-6-19-1-19-1-19-1-14-11-8-2-254-12-8-33-255
Spider's spike,66,TYPE_DARD,0,9,,,--SPI--SPI-,--SPI--SPI-,64,80,16,0,0,0,False,-1,,1-7,11-0-0-100-23-0-11-1-1-100-23-1-33-255,11-0-0-100-6-4-11-1-1-100-6-4-33-255
Spring Flower,67,TYPE_SWING_PLAT,0,2,16-----,13-----,NEN-----,NEN-----,0,0,25,8,0,0,True,-1,,,2-254-33-255,2-254-33-255
Lava Ball (Big bounce),69,TYPE_STONEBOMB3,2,2,--14--39-,--11--13-,--HP--HPV-,--HP--HP-,80,96,80,3,2,255,False,-1,,,2-254-33-255,2-254-33-255
Trumpet (Blows left),70,TYPE_TROMPETTE,0,0,-11----,-9----,-TRP----,-TRP----,80,92,48,0,2,254,False,-1,,9-23,11-8-11-2-11-3-8-0-5-0-19-4-23-0-11-4-8-2-5-1-20-1-0-253-30-200-23-1-11-5-8-0-5-2-19-1-19-1-11-6-8-0-5-5-19-1-33-255,11-8-11-2-11-3-8-0-5-0-19-4-6-20-11-4-8-2-5-1-20-1-0-253-30-200-6-20-11-5-8-0-5-2-19-1-19-1-11-6-8-0-5-5-19-1-33-255
Trumpet (Blows right),70,TYPE_TROMPETTE,0,0,-11----,-9----,-TRP----,-TRP----,80,92,48,0,2,254,False,-1,,11-25-7,1-1-11-8-11-2-11-3-8-0-5-0-19-4-23-0-11-4-8-2-5-1-20-1-0-253-30-200-23-1-11-5-8-0-5-2-19-1-19-1-11-6-8-0-5-5-19-1-23-2-33-255,1-1-11-8-11-2-11-3-8-0-5-0-19-4-6-22-11-4-8-2-5-1-20-1-0-253-30-200-6-22-11-5-8-0-5-2-19-1-19-1-11-6-8-0-5-5-19-1-6-4-33-255
Trumpet (Sucks left),70,TYPE_TROMPETTE,0,0,-11----,-9----,-TRP----,-TRP----,80,92,48,0,2,254,False,-1,,11-25-7,1-1-11-8-11-2-11-3-8-0-5-0-19-4-23-0-11-4-8-2-5-1-20-1-0-253-30-200-23-1-11-5-8-0-5-6-19-1-19-1-11-6-8-0-5-8-19-1-23-2-33-255,1-1-11-8-11-2-11-3-8-0-5-0-19-4-6-22-11-4-8-2-5-1-20-1-0-253-30-200-6-22-11-5-8-0-5-6-19-1-19-1-11-6-8-0-5-8-19-1-6-4-33-255
Trumpet (Sucks right),70,TYPE_TROMPETTE,0,0,-11----,-9----,-TRP----,-TRP----,80,92,48,0,2,254,False,-1,,9-23,11-8-11-2-11-3-8-0-5-0-19-4-23-0-11-4-8-2-5-1-20-1-0-253-30-200-23-1-11-5-8-0-5-6-19-1-19-1-11-6-8-0-5-8-19-1-33-255,11-8-11-2-11-3-8-0-5-0-19-4-6-20-11-4-8-2-5-1-20-1-0-253-30-200-6-20-11-5-8-0-5-6-19-1-19-1-11-6-8-0-5-8-19-1-33-255
Trumpet (Blows walking),70,TYPE_TROMPETTE,0,0,,,-TRP----,-TRP----,80,92,48,0,2,254,False,-1,,,,11-0-8-0-5-3-19-1-11-2-0-200-8-0-5-0-19-4-12-2-11-1-8-0-5-3-19-1-11-3-1-200-8-0-5-0-19-4-12-3-11-4-8-2-5-1-20-1-0-253-12-7-11-5-8-0-5-2-19-1-19-1-11-6-8-0-5-5-19-1-8-1-5-0-12-7-11-8-8-0-5-0-11-7-17-0-0-15-2-12-3-33-255
Trumpet (Sucks walking),70,TYPE_TROMPETTE,0,0,,,-TRP----,-TRP----,80,92,48,0,2,254,False,-1,,,,11-0-8-0-5-3-19-1-11-2-0-200-8-0-5-0-19-4-12-2-11-1-8-0-5-3-19-1-11-3-1-200-8-0-5-0-19-4-12-3-11-4-8-2-5-1-20-1-0-253-12-7-11-5-8-0-5-6-19-1-19-1-11-6-8-0-5-8-19-1-8-1-5-0-12-7-11-8-8-0-5-0-11-7-17-0-0-15-2-12-3-33-255
Pirate with Earring,72,TYPE_PIRATE_NGAWE,2,7,---17--,---13--,,,80,96,48,0,3,254,False,-1,,,30-254-33-255,
Earring,73,TYPE_RING,2,1,---17--,---13--,,,80,96,90,0,0,254,False,-1,,1-25,11-0-20-0-224-0-29-0-20-10-240-8-20-5-248-16-20-5-8-16-20-10-16-8-11-1-20-0-32-0-29-1-20-10-16-8-20-5-8-16-20-5-248-16-20-10-240-8-33-255,
Mr Sax (Boss),74,TYPE_SAXO,0,2,-12----,-10----,,,128,200,32,0,12,255,False,-1,,11,2-254-23-0-11-0-19-1-2-201-5-6-33-255,
Bounce Glitter,75,TYPE_PAILLETTE,0,-1,,,---PAI--PAI2,---PAI--PAI2,112,0,0,0,0,0,False,-1,,,,33-255
Bounce Glitter,75,TYPE_PAILLETTE,0,0,---33--,---28--,---PAI--PAI2,---PAI--PAI2,112,0,0,0,0,0,False,-1,,,,
Killdoor (Size 1),76,TYPE_DESTROYING_DOOR,10,1,,,DIV-DIV-DIV-DIV-DIV-DIV,DIV-DIV-DIV-DIV-DIV-DIV,0,0,0,0,0,254,False,-1,,,,33-255
Killdoor (Size 2),76,TYPE_DESTROYING_DOOR,10,2,,,DIV-DIV-DIV-DIV-DIV-DIV,DIV-DIV-DIV-DIV-DIV-DIV,0,0,0,0,0,254,False,-1,,,,33-255
Killdoor (Size 3),76,TYPE_DESTROYING_DOOR,10,3,,,DIV-DIV-DIV-DIV-DIV-DIV,DIV-DIV-DIV-DIV-DIV-DIV,0,0,0,0,0,254,False,-1,,,,33-255
Killdoor (Size 4),76,TYPE_DESTROYING_DOOR,10,4,,,DIV-DIV-DIV-DIV-DIV-DIV,DIV-DIV-DIV-DIV-DIV-DIV,0,0,0,0,0,254,False,-1,,,,33-255
Pirate Bomber,77,TYPE_PIRATE_GUETTEUR,0,14,---18--,---14--,,,80,96,32,0,5,255,False,-1,,,30-254-33-255,
Bomb (Pirate),78,TYPE_PIRATE_BOMB,2,3,---18--,---14--,,,80,96,72,0,0,254,False,-1,,1-7,11-0-0-254-23-0-11-1-1-254-23-1-33-255,
Lava Ball Piece (1),79,TYPE_STONECHIP,0,9,--19--9-,--14--4-,--ECL--ECV-,--BST--BST-,16,16,0,0,0,254,False,-1,,,0-200-33-255,0-200-33-255
Lava Ball Piece (2),79,TYPE_STONECHIP,0,10,--19--9-,--14--4-,--ECL--ECV-,--BST--BST-,16,16,0,0,0,254,False,-1,,,1-200-33-255,1-200-33-255
Lava Ball Piece (3),79,TYPE_STONECHIP,0,11,--19--9-,--14--4-,--ECL--ECV-,--BST--BST-,16,16,0,0,0,254,False,-1,,,0-200-33-255,0-200-33-255
Lava Ball Piece (4),79,TYPE_STONECHIP,0,12,--19--9-,--14--4-,--ECL--ECV-,--BST--BST-,16,16,0,0,0,254,False,-1,,,1-200-33-255,1-200-33-255
Lava Ball Piece (5),79,TYPE_STONECHIP,0,13,--19--9-,--14--4-,--ECL--ECV-,--BST--BST-,16,16,0,0,0,254,False,-1,,,0-200-33-255,0-200-33-255
Lava Ball Piece (6),79,TYPE_STONECHIP,0,14,--19--9-,--14--4-,--ECL--ECV-,--BST--BST-,16,16,0,0,0,254,False,-1,,,1-200-33-255,1-200-33-255
Cymbals,81,TYPE_CYMBALE,0,0,-14----,-12----,-CYM----,-CYM----,128,192,12,0,0,255,True,-1,,1-1,11-0-2-200-24-0-11-2-5-2-19-7-5-1-19-1-19-1-24-1-33-255,11-0-2-200-12-0-11-2-5-2-19-7-5-1-19-1-19-1-12-0-33-255
Power Up Big,82,TYPE_JAUGEUP,6,2,4-4-4-4-4-4,2-2-2-2-2-2,PNG-PNG-PNG-PNG-PNG-PNG,PNG-PNG-PNG-PNG-PNG-PNG,80,64,0,0,2,0,False,-1,,,2-254-33-255,2-254-33-255
Dust Effect,83,TYPE_EXPLOSION,0,0,11-23-25---19,6-20-20---18,EXP-EXP-EXP---EXP,EXP-EXP-EXP---EXP,80,96,48,0,0,254,False,-1,,,2-200-33-255,2-200-33-255
Dust Effect,83,TYPE_EXPLOSION,0,0,---20--,---16--,---EXP--,---EXP--,80,96,48,0,0,254,False,-1,,,30-200-33-255,30-200-33-255
Tibetan (Juggler),84,TYPE_TIBETAIN,0,3,,,-BON----,-MPL----,112,216,14,4,0,0,True,-1,,,,33-255
Eyes Friendly,85,TYPE_ROLLING_EYES,0,6,-15----,-13----,-NMP----,-MPL----,80,96,50,0,0,0,False,-1,,,2-254-33-255,2-254-33-255
Maracas,86,TYPE_MARACAS,0,4,-15----,-13----,-NMP----,-MPL----,56,128,16,1,0,0,True,-1,,,2-254-33-255,2-254-33-255
Maracas (Rocket),86,TYPE_MARACAS,0,4,-15----,-13----,-NMP----,-MPL----,56,128,16,1,1,0,True,-1,,27-5-13-21,2-254-23-0-11-99-20-0-0-254-23-1-11-99-20-0-0-254-23-2-11-99-20-0-0-254-23-3-33-255,2-254-6-9-11-99-20-0-0-254-6-9-11-99-20-0-0-254-6-9-11-99-20-0-0-254-6-9-33-255
Bongo (Right),87,TYPE_TAMBOUR1,0,7,-15----,-13----,-NMP----,-MPL----,16,30,4,0,0,0,True,-1,,13,2-200-23-0-11-0-2-5-8-2-5-0-2-254-33-255,2-200-6-5-11-0-2-5-8-2-5-0-2-254-33-255
Bongo (Left),87,TYPE_TAMBOUR1,0,9,-15----,-13----,-NMP----,-MPL----,16,32,4,0,0,0,True,-1,,13,2-200-23-0-11-0-2-5-8-2-5-2-2-254-33-255,2-200-6-5-11-0-2-5-8-2-5-2-2-254-33-255
Bongo (Middle),88,TYPE_TAMBOUR2,0,8,-15----,-13----,-NMP----,-MPL----,16,16,2,0,0,0,True,-1,,13,2-200-23-0-11-0-2-5-8-2-5-1-2-254-33-255,2-200-6-5-11-0-2-5-8-2-5-1-2-254-33-255
Joe,89,TYPE_JOE,0,1,----29-,----28-,,,80,100,10,0,0,254,False,-1,,1-11-1-61-11-11,11-0-8-0-5-1-19-1-24-0-11-1-8-0-5-2-19-1-24-1-11-2-8-0-5-1-19-1-5-3-19-1-5-5-19-1-5-10-19-1-5-5-19-1-5-1-19-1-24-2-11-3-8-0-5-8-19-3-24-3-11-4-8-0-5-6-19-3-24-4-11-5-8-0-5-4-19-1-5-7-19-1-5-9-19-1-24-5-33-255,
Bad Note (Blown),90,TYPE_NOTE0,2,0,-17----,-14----,-NOT----,-NOT----,80,72,12,0,1,254,False,-1,,,11-1-2-254-33-255,11-1-2-254-33-255
Bad Note Bomb (1),91,TYPE_NOTE1,2,1,-17----,-14----,-NOT----,-NOT----,80,80,12,0,1,254,False,-1,,,11-1-2-254-33-255,11-1-2-254-33-255
Bad Note Bomb (2),92,TYPE_NOTE2,2,2,-17----,-14----,-NOT----,-NOT----,80,80,12,0,1,254,False,-1,,,11-1-2-254-33-255,11-1-2-254-33-255
Good Note,93,TYPE_BONNE_NOTE,2,3,-17----,-14----,-NOT----,-NOT----,80,72,12,0,1,0,False,-1,,,11-1-2-254-33-255,11-1-2-254-33-255
Fist,94,TYPE_POING,5,1,4-4-4-4-4-4,2-2-2-2-2-2,PNG-PNG-PNG-PNG-PNG-PNG,PNG-PNG-PNG-PNG-PNG-PNG,60,48,32,0,0,254,False,-1,,,,33-255
Goldfist,95,TYPE_POING_POWERUP,5,7,4-4-4-4-4-4,2-2-2-2-2-2,PNG-PNG-PNG-PNG-PNG-PNG,PNG-PNG-PNG-PNG-PNG-PNG,80,80,48,0,0,254,False,-1,,,,33-255
Speedfist,95,TYPE_POING_POWERUP,5,14,4-4-4-4-4-4,2-2-2-2-2-2,PNG-PNG-PNG-PNG-PNG-PNG,PNG-PNG-PNG-PNG-PNG-PNG,80,80,48,0,0,254,False,-1,,,,33-255
Mr Stone's Totem (Stationary),96,TYPE_TOTEM,1,3,--16---,--13---,,,80,32,0,0,5,254,False,-1,,,2-254-33-255,
Boulder (Bouncing),97,TYPE_BBL,2,6,--21---,--16---,,,80,96,9,2,0,254,True,-1,,,11-1-2-200-33-255,
Rayman,99,TYPE_RAY_POS,0,19,1-1-1-1-1-1,0-0-0-0-0-0,RAY-RAY-RAY-RAY-RAY-RAY,RAY-RAY-RAY-RAY-RAY-RAY,80,78,20,0,0,0,False,-1,,,,33-255
Moth (Aggressive),100,TYPE_MITE,2,0,-18----,-15----,-MIT----,-MIT----,80,96,38,0,6,255,False,-1,,12-16-26-26-26-26-26-89-26-26-26,11-5-17-2-0-26-0-1-2-24-1-11-6-0-2-11-0-8-2-5-0-19-1-24-2-11-7-30-10-24-3-11-1-8-0-5-0-19-1-19-1-19-1-24-4-11-2-8-0-5-1-19-1-24-5-11-3-20-1-0-0-8-0-5-7-19-1-24-6-11-4-17-3-2-26-7-8-0-5-2-19-1-19-1-19-1-24-8-11-9-5-2-19-1-24-9-11-8-8-1-5-0-19-1-24-10-33-255,11-5-17-2-0-15-6-1-2-12-0-11-6-0-2-11-0-8-2-5-0-19-1-12-7-11-7-30-10-12-7-11-1-8-0-5-0-19-1-19-1-19-1-12-7-11-2-8-0-5-1-19-1-12-7-11-3-20-1-0-0-8-0-5-7-19-1-12-7-11-4-17-3-2-15-9-8-0-5-2-19-1-19-1-19-1-12-7-11-9-5-2-19-1-12-7-11-8-8-1-5-0-19-1-12-7-33-255
Prickly Swing (Steady),101,TYPE_MORNINGSTAR_MOUNTAI,0,5,--23--23-,--18--22-,--CPL--CPL-,--CPL--CPL-,80,0,10,0,1,255,False,-1,,,2-254-33-255,2-254-33-255
Prickly Swing (Moving),101,TYPE_MORNINGSTAR_MOUNTAI,0,6,--23--23-,--18--22-,--CPL--CPL-,--CPL--CPL-,80,80,10,0,0,255,False,-1,,,2-254-33-255,2-254-33-255
Bad Note Small,102,TYPE_BNOTE,2,5,-17----,-14----,-NOT----,-NOT----,80,80,12,0,1,254,False,-1,,,11-1-2-254-33-255,11-1-2-254-33-255
Fish With Eyes,103,TYPE_POI1,2,1,----21-,----20-,,,80,80,48,0,0,0,False,-1,,,5-1-0-1-20-1-255-0-19-1-5-2-0-1-20-1-254-0-19-1-5-1-0-1-20-1-255-0-19-1-5-2-0-1-20-1-254-0-19-1-5-3-1-1-20-1-0-0-19-1-5-1-1-1-20-1-1-0-19-1-5-2-1-1-20-1-2-0-19-1-5-1-1-1-20-1-1-0-19-1-5-2-1-1-20-1-2-0-19-1-5-3-0-1-20-1-0-0-19-1-33-255,
Fish With Nose,104,TYPE_POI2,2,5,----21-,----20-,,,80,80,48,0,0,254,False,-1,,3-31-1-3-31,11-2-11-6-8-2-5-5-1-1-20-1-1-0-19-1-24-0-11-7-8-2-5-7-20-1-0-0-19-1-11-5-8-2-5-5-0-1-20-1-255-0-19-1-24-1-11-8-8-2-5-7-20-1-0-0-19-1-24-2-11-3-8-2-5-6-1-1-20-1-0-0-19-1-8-2-5-4-30-50-24-3-11-4-8-2-5-6-0-1-20-1-0-0-19-1-8-2-5-4-30-50-24-4-33-255,
Prickly Platform,105,TYPE_MARTEAU,0,1,----23-,----22-,--CPL--CPL-,--CPL--CPL-,18,32,5,0,0,254,True,-1,,,2-254-33-255,2-254-33-255
Prickly Platform (Horizontal),106,TYPE_MOVE_MARTEAU,0,1,,,--CPL--CPL-,--CPL--CPL-,18,32,5,0,0,254,True,-1,,,,11-99-20-1-2-0-6-4-11-99-20-1-254-0-6-4-33-255
Prickly Big,107,TYPE_GROSPIC,0,3,--23--23-,--18--22-,--CPL--CPL-,--CPL--CPL-,18,32,0,0,0,255,False,-1,,,2-254-33-255,2-254-33-255
Mr Dark (Electoons),108,TYPE_DARK2_PINK_FLY,2,2,-----14,-----13,-----ELE,-----VIR,16,64,48,0,0,0,False,-1,,,2-254-33-255,2-254-33-255
Boulder (Breakable),109,TYPE_PI,0,0,--21--38-,--16--18-,--MUS--MUV-,--PI--PI-,80,96,16,2,4,254,True,-1,,,2-254-33-255,2-254-33-255
Boulder (Destroyed),110,TYPE_PI_BOUM,2,0,--21--38-,--16--18-,--MUS--MUV-,--PI--PI-,80,96,0,0,0,0,False,-1,,,11-1-2-254-33-255,11-1-2-254-33-255
Boulder (Guitar),111,TYPE_PI_MUS,0,2,--21---,--16---,,,160,176,16,2,4,254,False,-1,,,2-254-33-255,
Washing Machine (1),112,TYPE_WASHING_MACHINE,0,37,---19--,---15--,,,128,200,100,0,0,254,False,-1,,,,
Mallet,113,TYPE_BAG1,0,4,-19----,-16----,-BAG----,-BAG----,112,112,3,0,0,253,False,-1,,,5-4-19-1-5-5-2-30-33-255,5-4-19-1-5-5-2-30-33-255
Mallet (Fast),113,TYPE_BAG1,0,4,,,-BAG----,-BAG----,112,112,3,0,0,253,False,-1,,,,5-4-19-1-5-5-2-15-33-255
Cloud (Mr Stone),115,TYPE_BB1_PLAT,0,4,--13---,--10---,,,64,0,12,0,0,0,True,-1,,1,3-56-2-254-23-0-33-255,
Clown Bomber (Follow),116,TYPE_CLOWN_TNT,0,0,-----18,-----17,-----TNT,-----TNT,80,96,30,0,2,255,False,-1,,146-38-64-14-26-14-26-146-146-14-26-146,11-8-17-70-27-0-17-2-0-26-1-24-2-11-0-8-0-5-1-20-25-253-0-24-3-11-1-8-0-5-1-20-25-3-0-24-4-11-3-20-6-1-0-0-1-8-0-5-4-20-4-1-0-20-4-0-0-20-8-255-0-24-5-11-4-20-6-255-0-1-1-8-0-5-4-20-4-255-0-20-4-0-0-20-8-1-0-24-6-11-5-8-0-5-5-20-12-254-0-20-10-255-1-20-8-0-0-8-0-5-3-20-30-1-255-24-7-11-6-8-0-5-5-20-12-2-0-20-10-1-1-20-8-0-0-8-0-5-3-20-30-255-255-24-8-11-2-17-0-0-26-9-24-10-11-7-8-0-5-6-19-1-24-11-33-255,11-8-17-70-16-2-17-2-0-15-3-12-4-11-0-8-0-5-1-20-25-253-0-12-0-11-1-8-0-5-1-20-25-3-0-12-1-11-3-20-6-1-0-0-1-8-0-5-4-20-4-1-0-20-4-0-0-20-8-255-0-12-0-11-4-20-6-255-0-1-1-8-0-5-4-20-4-255-0-20-4-0-0-20-8-1-0-12-1-11-5-8-0-5-5-20-12-254-0-20-10-255-1-20-8-0-0-8-0-5-3-20-30-1-255-12-2-11-6-8-0-5-5-20-12-2-0-20-10-1-1-20-8-0-0-8-0-5-3-20-30-255-255-12-2-11-2-17-0-0-15-0-12-1-11-7-8-0-5-6-19-1-12-2-33-255
Clown Bomber (Attack once),117,TYPE_CLOWN_TNT2,0,0,-----18,-----17,-----TNT,-----TNT,80,96,30,0,1,255,False,-1,,10-60-10-60,11-2-17-2-0-26-0-24-1-11-0-0-1-8-0-5-8-20-30-255-0-20-10-255-1-20-10-254-2-20-30-254-1-20-90-254-0-20-30-254-255-20-200-254-254-20-200-254-254-20-200-254-254-20-200-254-254-24-2-11-1-1-1-8-0-5-8-20-30-1-0-20-10-1-1-20-10-2-2-20-30-2-1-20-90-2-0-20-30-2-255-20-200-2-254-20-200-2-254-20-200-254-254-20-200-254-254-24-3-33-255,11-2-17-2-0-15-0-12-1-11-0-0-1-8-0-5-8-20-30-255-0-20-10-255-1-20-10-254-2-20-30-254-1-20-90-254-0-20-30-254-255-20-200-254-254-20-200-254-254-20-200-254-254-20-200-254-254-12-0-11-1-1-1-8-0-5-8-20-30-1-0-20-10-1-1-20-10-2-2-20-30-2-1-20-90-2-0-20-30-2-255-20-200-2-254-20-200-2-254-20-200-254-254-20-200-254-254-12-1-33-255
Clown Bomber (Flies at you),118,TYPE_CLOWN_TNT3,0,0,,,-----TNT,-----TNT,80,96,30,0,1,255,False,-1,,,,11-2-17-2-0-15-0-12-1-11-0-8-0-5-1-0-200-12-0-11-1-8-0-5-1-1-200-12-1-33-255
Bomb (Clown),119,TYPE_TNT_BOMB,2,0,-----18,-----17,-----TNT,-----TNT,80,98,74,0,0,254,False,-1,,,2-254-33-255,2-254-33-255
Red Drummer,120,TYPE_BATTEUR_FOU,0,0,-21----,-18----,,,160,248,0,0,200,255,False,-1,,1-1-1-1-7-7-7-7-1,11-0-30-1-24-0-11-1-5-1-2-50-5-2-24-1-11-2-5-1-2-50-5-3-24-2-11-3-5-1-2-50-5-4-24-3-11-4-5-9-20-100-8-0-24-4-11-5-5-10-20-100-248-0-24-5-11-6-5-12-20-232-4-0-24-6-11-7-5-13-20-232-252-0-24-7-11-8-5-14-24-8-33-255,
Flame Projectile (Mr Stone spawns cloud),121,TYPE_ECLAIR,2,3,--12---,--7---,--ELE---,--ELE---,24,14,0,3,0,254,False,-1,,1-7,11-0-0-100-23-0-11-1-1-100-23-1-33-255,11-0-0-100-6-4-11-1-1-100-6-4-33-255
Stone Dog (Mr Stone),122,TYPE_STONEDOG2,0,0,--15---,--12---,--TIP---,--TIP---,80,96,64,3,2,254,False,-1,,1-13-46-40-46-46-40-1-13-40,11-0-0-200-8-0-5-0-19-3-24-0-11-1-1-200-8-0-5-0-19-3-24-1-11-2-8-2-5-0-20-1-0-252-17-0-0-26-2-11-7-1-200-24-3-11-6-0-200-24-4-11-8-20-1-0-0-8-0-5-0-19-1-8-2-11-9-5-0-20-1-0-250-17-0-0-26-5-24-6-11-4-8-0-5-1-19-1-8-0-5-0-19-1-11-3-17-0-0-26-7-24-8-11-5-8-2-5-1-20-1-0-254-17-0-0-26-9-33-255,11-0-0-200-8-0-5-0-19-3-12-0-11-1-1-200-8-0-5-0-19-3-12-1-11-2-8-2-5-0-20-1-0-252-17-0-0-15-6-11-7-1-200-12-7-11-6-0-200-12-6-11-8-20-1-0-0-8-0-5-0-19-1-8-2-11-9-5-0-20-1-0-250-17-0-0-15-6-12-7-11-4-8-0-5-1-19-1-8-0-5-0-19-1-11-3-17-0-0-15-0-12-1-11-5-8-2-5-1-20-1-0-254-17-0-0-15-7-33-255
Antitoon (Charger),123,TYPE_BLACKTOON1,0,0,21-22-24-21-22-20,18-19-19-17-21-19,BLK-BLK-BLK-BLK-BLK-BLK,BLK-BLK-BLK-BLK-BLK-BLK,80,80,48,3,1,254,False,-1,,1-1-21-27,11-1-30-200-24-0-11-4-8-0-5-2-19-1-20-1-0-254-24-1-11-2-0-200-24-2-11-3-1-200-24-3-33-255,11-1-30-200-12-1-11-4-8-0-5-2-19-1-20-1-0-254-12-1-11-2-0-200-12-2-11-3-1-200-12-3-33-255
Antitoon (Chomper),123,TYPE_BLACKTOON1,0,0,21-22-24-21-22-20,18-19-19-17-21-19,BLK-BLK-BLK-BLK-BLK-BLK,BLK-BLK-BLK-BLK-BLK-BLK,80,80,48,2,1,254,False,-1,,1-1-29-35,11-1-30-200-24-0-11-4-8-0-5-2-19-1-20-1-0-254-30-12-8-0-5-3-19-1-24-1-11-2-0-200-24-2-11-3-1-200-24-3-33-255,11-1-30-200-12-1-11-4-8-0-5-2-19-1-20-1-0-254-30-12-8-0-5-3-19-1-12-1-11-2-0-200-12-2-11-3-1-200-12-3-33-255
Antitoon (Flyer),123,TYPE_BLACKTOON1,0,1,21-22-24-21-22-20,18-19-19-17-21-19,BLK-BLK-BLK-BLK-BLK-BLK,BLK-BLK-BLK-BLK-BLK-BLK,80,80,48,5,1,254,False,-1,,1-7,11-3-1-200-24-0-11-2-0-200-24-1-33-255,11-3-1-200-12-3-11-2-0-200-12-2-33-255
Antitoon (Flies around to left and drops),123,TYPE_BLACKTOON1,1,0,21-22-24-21-22-20,18-19-19-17-21-19,BLK-BLK-BLK-BLK-BLK-BLK,BLK-BLK-BLK-BLK-BLK-BLK,80,80,48,7,1,254,False,-1,,3-13-21-29-41-47-53,11-99-5-0-20-1-240-0-23-0-11-99-5-1-20-1-0-1-23-1-11-99-20-1-16-0-23-2-11-99-20-1-0-255-23-3-11-5-8-2-5-1-30-200-23-4-11-2-0-200-24-5-11-3-1-200-24-6-33-255,
Antitoon (Flies around to right and drops),123,TYPE_BLACKTOON1,1,0,21-22-24-21-22-20,18-19-19-17-21-19,BLK-BLK-BLK-BLK-BLK-BLK,BLK-BLK-BLK-BLK-BLK-BLK,80,80,48,7,1,254,False,-1,,3-13-21-29-41-47-53,11-99-5-0-20-1-16-0-23-0-11-99-5-1-20-1-0-1-23-1-11-99-20-1-240-0-23-2-11-99-20-1-0-255-23-3-11-5-8-2-5-1-30-200-23-4-11-2-0-200-24-5-11-3-1-200-24-6-33-255,
Antitoon (Flies around to left),123,TYPE_BLACKTOON1,1,0,21-22-24-21-22-20,18-19-19-17-21-19,BLK-BLK-BLK-BLK-BLK-BLK,BLK-BLK-BLK-BLK-BLK-BLK,80,80,48,6,1,254,False,-1,,3-13-21-29-37-43,11-99-5-0-20-1-240-0-23-0-11-99-5-1-20-1-0-1-23-1-11-99-20-1-16-0-23-2-11-99-20-1-0-255-23-3-11-2-0-200-24-4-11-3-1-200-24-5-33-255,11-99-5-0-20-1-240-0-6-18-11-99-5-1-20-1-0-1-6-18-11-99-20-1-16-0-6-18-11-99-20-1-0-255-6-18-11-2-0-200-12-2-11-3-1-200-12-3-33-255
Antitoon (Flies around to right),123,TYPE_BLACKTOON1,1,0,21-22-24-21-22-20,18-19-19-17-21-19,BLK-BLK-BLK-BLK-BLK-BLK,BLK-BLK-BLK-BLK-BLK-BLK,80,80,48,6,1,254,False,-1,,3-13-21-29-37-43,11-99-5-0-20-1-16-0-23-0-11-99-5-1-20-1-0-1-23-1-11-99-20-1-240-0-23-2-11-99-20-1-0-255-23-3-11-2-0-200-24-4-11-3-1-200-24-5-33-255,11-99-5-0-20-1-16-0-6-18-11-99-5-1-20-1-0-1-6-18-11-99-20-1-240-0-6-18-11-99-20-1-0-255-6-18-11-2-0-200-12-2-11-3-1-200-12-3-33-255
Antitoon (Walker and Jumper),123,TYPE_BLACKTOON1,1,0,21-22-24-21-22-20,18-19-19-17-21-19,BLK-BLK-BLK-BLK-BLK-BLK,BLK-BLK-BLK-BLK-BLK-BLK,80,80,48,4,1,254,False,-1,,1-7-25,11-2-0-200-24-0-11-3-1-200-24-1-11-4-8-0-5-2-19-1-20-1-0-254-11-1-30-200-24-2-33-255,11-2-0-200-12-2-11-3-1-200-12-3-11-4-8-0-5-2-19-1-20-1-0-254-11-1-30-200-12-1-33-255
Antitoon (Walker),123,TYPE_BLACKTOON1,1,0,21-22-24-21-22-20,18-19-19-17-21-19,BLK-BLK-BLK-BLK-BLK-BLK,BLK-BLK-BLK-BLK-BLK-BLK,80,80,48,1,1,254,False,-1,,1-7-13,11-2-0-200-24-0-11-3-1-200-24-1-11-1-30-200-24-2-33-255,11-2-0-200-12-2-11-3-1-200-12-3-11-1-30-200-12-1-33-255
Back Sign,124,TYPE_PANCARTE,0,13,12-10-12-14-13-,7-6-7-8-9-,,,64,0,0,0,0,254,False,-1,,,,
Candy (Long and stretching),125,TYPE_BON3,0,1,,,-----PLA,-----PLA,0,0,4,0,0,0,True,-1,,,30-200-33-255,30-200-33-255
Candy (Long and stretching),125,TYPE_BON3,0,2,,,-----PLA,-----PLA,0,0,4,0,0,0,True,-1,,,,30-200-33-255
Fork,126,TYPE_FOURCHETTE,0,4,,,-----PLA,-----PLA,0,0,0,0,0,254,False,-1,,,30-200-33-255,30-200-33-255
Swiss Army Knife (Big),127,TYPE_COUTEAU_SUISSE,0,3,,,-----PLA,-----PLA,0,0,0,0,0,254,False,-1,,,30-200-33-255,30-200-33-255
Corkscrew,128,TYPE_TIRE_BOUCHON,0,8,,,-----PLA,-----PLA,0,0,8,1,0,254,True,-1,,,30-200-33-255,30-200-33-255
Swiss Army Knife (Left?),129,TYPE_PETIT_COUTEAU,0,6,,,-----PLA,-----PLA,120,160,4,0,2,254,True,-1,,,30-200-33-255,30-200-33-255
Swiss Army Knige (Right?),129,TYPE_PETIT_COUTEAU,0,7,,,-----PLA,-----PLA,120,160,4,0,4,254,True,-1,,,30-200-33-255,30-200-33-255
Antitoon's Eyes,130,TYPE_BLACKTOON_EYES,0,5,21-22-24-21-22-20,18-19-19-17-21-19,BLK-BLK-BLK-BLK-BLK-BLK,BLK-BLK-BLK-BLK-BLK-BLK,80,80,48,0,0,0,False,-1,,,30-200-33-255,30-200-33-255
Mallet (Trampoline),131,TYPE_BAG3,0,3,,,-BAG----,-BAG----,112,112,10,0,0,253,True,-1,,11,2-254-23-0-11-0-5-6-2-100-5-8-33-255,2-254-6-4-11-0-5-6-2-100-5-8-33-255
Fish With Teeth,132,TYPE_POI3,2,12,----21-,----20-,,,80,80,48,0,1,254,False,-1,,1-1-29-29-57-69,11-10-5-12-1-1-20-1-1-0-19-1-24-0-11-14-5-15-1-1-20-1-0-0-19-1-24-1-11-9-5-12-0-1-20-1-255-0-19-1-24-2-11-13-5-15-0-1-20-1-0-0-19-1-24-3-11-12-5-18-20-1-0-5-19-1-24-4-11-11-30-200-24-5-33-255,
Super Helicopter,133,TYPE_SUPERHELICO,2,18,4-4-4-4-4-4,2-2-2-2-2-2,PNG-PNG-PNG-PNG-PNG-PNG,PNG-PNG-PNG-PNG-PNG-PNG,80,75,50,0,0,254,False,-1,,,2-254-33-255,2-254-33-255
Plum (Steady 2),134,TYPE_FALLING_OBJ2,0,12,,,NEN-----,NEN-----,20,30,9,0,1,254,True,-1,,,,2-254-33-255
Flame Projectile (Mr Stone),135,TYPE_ETINC,2,3,--12---,--7---,,,24,14,0,3,0,254,False,-1,,1-7,11-0-0-100-23-0-11-1-1-100-23-1-33-255,
Little Rayman,136,TYPE_DEMI_RAYMAN,0,0,3-3-3--3-3,0-0-0--0-0,RED-RED-RED--RED-RED,RAY-RAY-RAY--RAY-RAY,80,80,48,0,1,0,False,-1,,,2-254-33-255,2-254-33-255
Little Rayman (Image),136,TYPE_DEMI_RAYMAN,0,0,---3--,---0--,---RED--,---RAY--,80,80,48,0,1,0,False,-1,,,30-254-33-255,30-254-33-255
Shrink Fairy,137,TYPE_REDUCTEUR,5,53,,,PNG-PNG-PNG-PNG-PNG-PNG,PNG-PNG-PNG-PNG-PNG-PNG,80,32,0,0,200,254,False,-1,,,2-254-33-255,2-254-33-255
Shrink Fairy,137,TYPE_REDUCTEUR,5,57,4-4-4-4-4-4,2-2-2-2-2-2,,,80,32,0,0,200,254,False,-1,,,2-254-33-255,
Sprinkler 4 heads elastic (Left),138,TYPE_ROULETTE,0,10,-15----,-13----,-NMP----,-MPL----,64,0,10,5,0,0,True,-1,,53-7-15-23-31-39-47,2-254-23-0-11-1-5-11-20-1-254-0-23-1-11-99-20-1-0-254-23-2-11-99-20-1-1-0-23-3-11-99-20-1-0-2-23-4-11-99-20-1-254-0-23-5-11-99-20-1-0-0-23-6-33-255,2-254-6-19-11-1-5-11-20-1-254-0-6-19-11-99-20-1-0-254-6-19-11-99-20-1-1-0-6-19-11-99-20-1-0-2-6-19-11-99-20-1-254-0-6-19-11-99-20-1-0-0-6-19-33-255
Sprinkler 4 heads elastic (Right),138,TYPE_ROULETTE,0,10,-15----,-13----,-NMP----,-MPL----,64,0,10,5,0,0,True,-1,,69-7-15-23-31-39-47-55-63,2-254-23-0-11-1-5-11-20-1-2-0-23-1-11-99-20-1-0-2-23-2-11-99-20-1-254-2-23-3-11-99-20-1-254-0-23-4-11-99-20-1-0-2-23-5-11-99-20-1-2-0-23-6-11-99-20-1-1-254-23-7-11-99-20-1-0-0-23-8-33-255,2-254-6-25-11-1-5-11-20-1-2-0-6-25-11-99-20-1-0-2-6-25-11-99-20-1-254-2-6-25-11-99-20-1-254-0-6-25-11-99-20-1-0-2-6-25-11-99-20-1-2-0-6-25-11-99-20-1-1-254-6-25-11-99-20-1-0-0-6-25-33-255
Sprinkler 4 heads elastic (Top-Right),138,TYPE_ROULETTE,0,10,,,-NMP----,-MPL----,64,0,10,5,0,0,True,-1,,,,2-254-6-25-11-1-5-11-20-1-2-254-6-25-11-99-20-1-0-254-6-25-11-99-20-1-2-0-6-25-11-99-20-1-0-2-6-25-11-99-20-1-254-0-6-25-11-99-20-1-0-2-6-25-11-99-20-1-2-0-6-25-11-99-20-1-0-0-6-25-33-255
Maracas (Flying),139,TYPE_MARACAS_BAS,2,3,-15----,-13----,-NMP----,-MPL----,56,128,16,0,1,0,False,-1,,,,33-255
Flying Ring (Falling),140,TYPE_PT_GRAPPIN,0,0,25-28-26-22-25-21,21-25-21-18-24-20,GRP-GRP-GRP-GRP-GRP-GRP,GRP-GRP-GRP-GRP-GRP-GRP,36,32,20,0,1,255,False,-1,,13-7,2-200-23-0-11-0-2-10-20-254-0-1-23-1-33-255,2-200-6-4-11-0-2-10-20-254-0-1-6-4-33-255
Flying Ring,140,TYPE_PT_GRAPPIN,0,1,25-28-26-22-25-21,21-25-21-18-24-20,GRP-GRP-GRP-GRP-GRP-GRP,GRP-GRP-GRP-GRP-GRP-GRP,36,32,20,0,1,255,False,-1,,,2-254-33-255,2-254-33-255
Flying Ring (Horizontal),140,TYPE_PT_GRAPPIN,0,1,25-28-26-22-25-21,21-25-21-18-24-20,GRP-GRP-GRP-GRP-GRP-GRP,GRP-GRP-GRP-GRP-GRP-GRP,36,32,20,0,1,255,False,-1,,1-9,11-99-20-1-1-0-23-0-11-99-20-1-255-0-23-1-33-255,11-99-20-1-1-0-6-4-11-99-20-1-255-0-6-4-33-255
Flying Ring (Vertical),140,TYPE_PT_GRAPPIN,0,1,25-28-26-22-25-21,21-25-21-18-24-20,GRP-GRP-GRP-GRP-GRP-GRP,GRP-GRP-GRP-GRP-GRP-GRP,36,32,20,0,1,255,False,-1,,1-9,11-99-20-1-0-255-23-0-11-99-20-1-0-1-23-1-33-255,11-99-20-1-0-255-6-4-11-99-20-1-0-1-6-4-33-255
Flying Ring (Down on grab and stops),140,TYPE_PT_GRAPPIN,0,2,,,GRP-GRP-GRP-GRP-GRP-GRP,GRP-GRP-GRP-GRP-GRP-GRP,36,32,20,0,1,255,False,-1,,23-9-17,2-10-23-0-11-0-5-1-11-99-20-1-0-2-23-1-11-99-20-1-0-0-23-2-33-255,2-10-6-8-11-0-5-1-11-99-20-1-0-2-6-8-11-99-20-1-0-0-6-8-33-255
Flying Ring (Left on grab and stops),140,TYPE_PT_GRAPPIN,0,2,,,GRP-GRP-GRP-GRP-GRP-GRP,GRP-GRP-GRP-GRP-GRP-GRP,36,32,20,0,1,255,False,-1,,23-9-17,2-10-23-0-11-0-5-1-11-99-20-1-254-0-23-1-11-99-20-1-0-0-23-2-33-255,2-10-6-8-11-0-5-1-11-99-20-1-254-0-6-8-11-99-20-1-0-0-6-8-33-255
Flying Ring (Right on grab and stops),140,TYPE_PT_GRAPPIN,0,2,,,GRP-GRP-GRP-GRP-GRP-GRP,GRP-GRP-GRP-GRP-GRP-GRP,36,32,20,0,1,255,False,-1,,,,2-10-6-8-11-0-5-1-11-99-20-1-2-0-6-8-11-99-20-1-0-0-6-8-33-255
Flying Ring (Up on grab and stops),140,TYPE_PT_GRAPPIN,0,2,,,GRP-GRP-GRP-GRP-GRP-GRP,GRP-GRP-GRP-GRP-GRP-GRP,36,32,20,0,1,255,False,-1,,23-9-17,2-10-23-0-11-0-5-1-11-99-20-1-0-254-23-1-11-99-20-1-0-0-23-2-33-255,2-10-6-8-11-0-5-1-11-99-20-1-0-254-6-8-11-99-20-1-0-0-6-8-33-255
Snow (Stop),141,TYPE_NEIGE,0,22,1-1-1-1-1-1,0-0-0-0-0-0,,,5,5,0,0,1,254,False,-1,,,,
Snow (Wind slow),141,TYPE_NEIGE,0,26,1-1-1-1-1-1,0-0-0-0-0-0,,,5,5,0,0,1,254,False,-1,,,,
Snow (Wind fast),141,TYPE_NEIGE,0,28,1-1-1-1-1-1,0-0-0-0-0-0,,,5,5,0,0,1,254,False,-1,,,,
Snow (No wind),141,TYPE_NEIGE,0,29,1-1-1-1-1-1,0-0-0-0-0-0,,,5,5,0,0,1,254,False,-1,,,,
Snow (Start),141,TYPE_NEIGE,0,32,1-1-1-1-1-1,0-0-0-0-0-0,,,5,5,0,0,1,254,False,-1,,,,
Oneup,142,TYPE_ONEUP,5,19,4-4-4-4-4-4,2-2-2-2-2-2,PNG-PNG-PNG-PNG-PNG-PNG,PNG-PNG-PNG-PNG-PNG-PNG,80,64,32,0,200,0,False,-1,,,2-254-33-255,2-254-33-255
Item collected,143,TYPE_NOVA2,5,20,4-4-4--4-4,2-2-2--2-2,PNG-PNG-PNG--PNG-PNG,PNG-PNG-PNG--PNG-PNG,80,64,48,0,0,0,False,-1,,,2-254-33-255,2-254-33-255
Item collected,143,TYPE_NOVA2,5,20,---4--,---2--,---PNG--,---PNG--,80,64,48,0,0,0,False,-1,,,30-254-33-255,30-254-33-255
Eyes Evil,145,TYPE_KILLING_EYES,0,0,-24--27-16-,-21--24-14-,-BYE--BYE-BYE-,-BYE--BYE-BYE-,80,96,50,0,4,255,False,-1,,,2-254-33-255,2-254-33-255
Lightning Bolt,146,TYPE_FLASH,0,4,-24--27-16-,-21--24-14-,-BYE--BYE-BYE-,-BYE--BYE-BYE-,80,80,0,0,0,254,False,-1,,,2-254-33-255,2-254-33-255
Moskito Chase (Moves in),147,TYPE_MST_SCROLL,0,2,14-----,12-----,,,80,96,0,0,1,0,False,-1,,,2-254-33-255,
Moskito Chase (Moves out),147,TYPE_MST_SCROLL,0,2,14-----,12-----,,,80,96,0,0,2,0,False,-1,,,2-254-33-255,
Moskito Chase (Shaking),147,TYPE_MST_SCROLL,0,2,14-----,12-----,,,80,96,0,0,0,254,False,-1,,,2-254-33-255,
Treble Clef,149,TYPE_CLE_SOL,0,0,-20----,-17----,-CLE----,-CLE----,56,128,16,0,0,0,False,-1,,,2-254-33-255,2-254-33-255
Mr Skops (Chase),150,TYPE_SCORPION,0,0,----24-,----23-,,,128,200,32,0,8,255,False,-1,,13-23-23-23-57-163-163-129-129-129-129-197-197,8-0-5-0-19-6-11-2-5-1-19-1-11-0-8-0-5-2-2-100-24-0-11-1-8-0-5-3-2-100-24-1-11-3-8-0-5-4-30-70-24-2-11-4-2-70-8-1-5-15-20-60-2-0-24-3-11-5-8-1-5-13-20-60-254-0-8-0-5-2-19-1-8-1-5-15-20-60-2-0-8-0-5-4-30-80-24-4-11-6-30-60-8-0-5-4-30-10-8-1-5-15-20-106-3-0-24-5-11-11-30-60-8-0-5-4-30-60-8-1-5-15-20-193-3-0-24-6-11-8-30-200-24-7-11-7-30-30-8-1-5-15-20-48-2-0-8-0-5-2-20-1-0-0-24-8-11-9-19-3-24-9-11-10-8-2-5-0-30-72-20-6-3-251-20-5-3-252-20-5-3-253-20-5-3-254-20-6-3-255-20-15-0-0-24-10-11-12-30-200-24-11-11-13-8-1-5-13-20-40-254-0-8-0-5-5-24-12-33-255,
Bullet,151,TYPE_BULLET,2,2,10--11--10-,5--6--6-,CHA-CHA-CHA-CHA-CHA-CHA,BAL-BAL-BAL-BAL-BAL-BAL,80,64,50,0,0,254,False,-1,,10-26-20-36,11-0-17-2-0-26-0-24-1-11-1-8-2-5-2-0-15-5-11-11-2-0-10-24-2-11-3-8-2-5-2-1-15-5-11-11-4-1-10-24-3-33-255,11-0-17-2-0-15-1-12-3-11-1-8-2-5-2-0-15-5-11-11-2-0-10-12-2-11-3-8-2-5-2-1-15-5-11-11-4-1-10-12-4-33-255
Drum Walker,152,TYPE_CAISSE_CLAIRE,0,0,,,-CCL----,-CCL----,128,192,24,2,254,255,True,-1,,,,11-1-2-200-12-1-11-2-0-200-12-2-11-3-1-200-12-3-33-255
Drum Walker (Left on contact),152,TYPE_CAISSE_CLAIRE,0,2,,,-CCL----,-CCL----,128,192,24,2,0,255,True,-1,,,,30-200-33-255
Drum Walker (Right on contact),152,TYPE_CAISSE_CLAIRE,0,2,,,-CCL----,-CCL----,128,192,24,2,1,255,True,-1,,,,30-200-33-255
Betilla,153,TYPE_FEE,0,0,26-29-27---,22-26-22---,,,80,32,0,0,0,0,False,-1,,1-1,11-0-2-254-24-0-11-1-5-3-2-200-24-1-33-255,
Sprinkler 4 heads (Down-Right),154,TYPE_ROULETTE2,0,13,-15----,-13----,-NMP----,-MPL----,64,0,10,5,0,0,True,-1,,53-7-15-23-31-39-47,2-254-23-0-11-1-5-14-20-1-1-1-23-1-11-99-20-1-255-1-23-2-11-99-20-1-2-0-23-3-11-99-20-1-255-255-23-4-11-99-20-1-1-255-23-5-11-99-20-1-0-0-23-6-33-255,2-254-6-19-11-1-5-14-20-1-1-1-6-19-11-99-20-1-255-1-6-19-11-99-20-1-2-0-6-19-11-99-20-1-255-255-6-19-11-99-20-1-1-255-6-19-11-99-20-1-0-0-6-19-33-255
Sprinkler 4 heads (Down),154,TYPE_ROULETTE2,0,13,-15----,-13----,-NMP----,-MPL----,64,0,10,5,0,0,True,-1,,37-7-15-23-31,2-254-23-0-11-1-5-14-20-1-0-1-23-1-11-99-20-1-2-0-23-2-11-99-20-1-0-254-23-3-11-99-20-1-0-0-23-4-33-255,2-254-6-13-11-1-5-14-20-1-0-1-6-13-11-99-20-1-2-0-6-13-11-99-20-1-0-254-6-13-11-99-20-1-0-0-6-13-33-255
Sprinkler 3 heads,155,TYPE_ROULETTE3,0,15,-15----,-13----,-NMP----,-MPL----,64,0,10,5,0,0,True,-1,,21-7-15,2-254-23-0-11-1-5-16-20-1-1-0-23-1-11-99-20-1-0-0-23-2-33-255,2-254-6-7-11-1-5-16-20-1-1-0-6-7-11-99-20-1-0-0-6-7-33-255
Bad Note (1),156,TYPE_WALK_NOTE_1,1,0,-17----,-14----,-NOT----,-NOT----,80,80,64,0,254,254,False,-1,,1-7-13,11-0-2-200-24-0-11-1-0-200-24-1-11-2-1-200-24-2-33-255,11-0-2-200-12-0-11-1-0-200-12-1-11-2-1-200-12-2-33-255
Ink,157,TYPE_EAU,0,0,---15--,---11--,,,50,80,0,0,255,0,False,-1,,,30-254-33-255,
Water,157,TYPE_EAU,0,0,24--28--27-,20--23--26-,,,50,80,0,0,255,0,False,-1,,,2-254-33-255,
Ink (Follow),157,TYPE_EAU,0,1,---15--,---11--,,,50,80,0,0,0,0,False,-1,,,30-254-33-255,
Water (Follow),157,TYPE_EAU,0,1,24--28--27-,20--23--26-,,,50,80,0,0,0,0,False,-1,,,2-254-33-255,
,157,TYPE_EAU,0,1,,,---ENC--,---EAU--,50,80,0,0,0,0,False,-1,MS_ubi_encre,,,30-254-33-255
Palette Change (Left 1 to Right 2),158,TYPE_PALETTE_SWAPPER,9,0,2-2-2-2-2-2,1-1-1-1-1-1,,,80,64,0,0,0,254,False,-1,,,30-250-33-255,
Palette Change (Left 1 to Right 3),158,TYPE_PALETTE_SWAPPER,9,1,2-2-2-2-2-2,1-1-1-1-1-1,,,80,64,0,0,0,254,False,-1,,,30-250-33-255,
Palette Change (Left 2 to Right 1),158,TYPE_PALETTE_SWAPPER,9,3,2-2-2-2-2-2,1-1-1-1-1-1,,,80,64,0,0,0,254,False,-1,,,30-250-33-255,
Palette Change (Top 1 to Bottom 2),158,TYPE_PALETTE_SWAPPER,9,6,2-2-2-2-2-2,1-1-1-1-1-1,,,80,64,0,0,0,254,False,-1,,,30-250-33-255,
Palette Change (Top 2 to Bottom 1),158,TYPE_PALETTE_SWAPPER,9,9,2-2-2-2-2-2,1-1-1-1-1-1,,,80,64,0,0,0,254,False,-1,,,30-250-33-255,
Monk (Ball chain),159,TYPE_TIBETAIN_6,3,0,-16----,-13----,-BON----,-MPL----,112,192,8,4,0,0,True,-1,,,,33-255
Monk (Bongos),160,TYPE_TIBETAIN_2,4,0,-16----,-13----,-BON----,-MPL----,112,240,4,4,0,0,True,-1,,,,33-255
Breakout Ting,161,TYPE_WIZ,5,24,4-4-4-4-4-4,2-2-2-2-2-2,PNG-PNG-PNG-PNG-PNG-PNG,PNG-PNG-PNG-PNG-PNG-PNG,18,16,0,0,200,254,False,-1,,,,33-255
Ting (D1),161,TYPE_WIZ,5,24,4-4-4-4-4-4,2-2-2-2-2-2,PNG-PNG-PNG-PNG-PNG-PNG,PNG-PNG-PNG-PNG-PNG-PNG,0,0,0,0,200,254,False,-1,,,,33-255
Ting (E),161,TYPE_WIZ,5,25,4-4-4-4-4-4,2-2-2-2-2-2,,,0,0,0,0,200,254,False,-1,,,,
Ting (F),161,TYPE_WIZ,5,26,4-4-4-4-4-4,2-2-2-2-2-2,,,0,0,0,0,200,254,False,-1,,,,
Ting (G),161,TYPE_WIZ,5,27,4-4-4-4-4-4,2-2-2-2-2-2,,,0,0,0,0,200,254,False,-1,,,,
Ting (A),161,TYPE_WIZ,5,28,4-4-4-4-4-4,2-2-2-2-2-2,,,0,0,0,0,200,254,False,-1,,,,
Ting (B),161,TYPE_WIZ,5,29,4-4-4-4-4-4,2-2-2-2-2-2,,,0,0,0,0,200,254,False,-1,,,,
Ting (C),161,TYPE_WIZ,5,30,4-4-4-4-4-4,2-2-2-2-2-2,,,0,0,0,0,200,254,False,-1,,,,
Ting (D2),161,TYPE_WIZ,5,31,4-4-4-4-4-4,2-2-2-2-2-2,,,0,0,0,0,200,254,False,-1,,,,
Joe Ufo,162,TYPE_UFO_IDC,0,13,----28-,----27-,,,60,96,8,0,0,0,True,-1,,,30-200-33-255,
Circuit Box (Left Rotates 90 Clockwise),163,TYPE_INDICATOR,0,2,----28-,----27-,,,16,16,0,0,0,0,False,-1,,,2-254-33-255,
Circuit Box (?TEST),163,TYPE_INDICATOR,0,4,----28-,----27-,,,16,16,0,0,0,0,False,-1,,,2-254-33-255,
Circuit Box (?TEST),163,TYPE_INDICATOR,0,5,----28-,----27-,,,16,16,0,0,0,0,False,-1,,,2-254-33-255,
Circuit Box (?TEST),163,TYPE_INDICATOR,0,6,----28-,----27-,,,16,16,0,0,0,0,False,-1,,,2-254-33-255,
Circuit Box (?TEST),163,TYPE_INDICATOR,0,7,----28-,----27-,,,16,16,0,0,0,0,False,-1,,,2-254-33-255,
Circuit Box (Reverse Direction),163,TYPE_INDICATOR,0,8,----28-,----27-,,,16,16,0,0,0,0,False,-1,,,2-254-33-255,
Circuit Box (Faster Right - Slower Left),163,TYPE_INDICATOR,0,9,----28-,----27-,,,16,16,0,0,0,0,False,-1,,,2-254-33-255,
Circuit Box (Faster Left - Slower Right),163,TYPE_INDICATOR,0,10,----28-,----27-,,,16,16,0,0,0,0,False,-1,,,2-254-33-255,
Circuit Box (Faster Up - Slower Down),163,TYPE_INDICATOR,0,12,----28-,----27-,,,16,16,0,0,0,0,False,-1,,,2-254-33-255,
Gendoor (Size 1),164,TYPE_GENERATING_DOOR,10,1,,,DIV-DIV-DIV-DIV-DIV-DIV,DIV-DIV-DIV-DIV-DIV-DIV,0,0,0,0,0,254,False,-1,,,,33-255
Gendoor (Size 2),164,TYPE_GENERATING_DOOR,10,2,2-2-2-2-2-2,1-1-1-1-1-1,DIV-DIV-DIV-DIV-DIV-DIV,DIV-DIV-DIV-DIV-DIV-DIV,0,0,0,0,0,254,False,-1,,,,33-255
Gendoor (Size 3),164,TYPE_GENERATING_DOOR,10,3,,,DIV-DIV-DIV-DIV-DIV-DIV,DIV-DIV-DIV-DIV-DIV-DIV,0,0,0,0,0,254,False,-1,,,,33-255
Gendoor (Size 4),164,TYPE_GENERATING_DOOR,10,4,,,DIV-DIV-DIV-DIV-DIV-DIV,DIV-DIV-DIV-DIV-DIV-DIV,0,0,0,0,0,254,False,-1,,,,33-255
Livingstone Little (Aggressive),165,TYPE_BADGUY3,0,0,13-----,11-----,LIV-----,LIVPTI-----,80,95,50,3,2,255,False,-1,,17-39-17-59-81-59,11-0-8-0-5-7-19-1-23-0-11-5-8-1-5-13-11-2-0-100-2-1-8-0-5-0-19-1-0-100-23-1-11-4-8-0-5-14-19-1-24-2-11-1-8-0-5-7-19-1-23-3-11-6-8-1-5-13-11-3-1-100-2-1-8-0-5-0-19-1-1-100-23-4-11-4-8-0-5-14-19-1-24-5-33-255,11-0-8-0-5-7-19-1-6-4-11-5-8-1-5-13-11-2-0-100-2-1-8-0-5-0-19-1-0-100-6-4-11-4-8-0-5-14-19-1-12-2-11-1-8-0-5-7-19-1-6-4-11-6-8-1-5-13-11-3-1-100-2-1-8-0-5-0-19-1-1-100-6-4-11-4-8-0-5-14-19-1-12-3-33-255
Lever (1),166,TYPE_LEVIER,5,53,4-4-4-4-4-4,2-2-2-2-2-2,,,80,80,0,0,254,0,False,-1,,,2-254-33-255,
Plum (Steady 3),167,TYPE_FALLING_OBJ3,0,12,16-----,13-----,NEN-----,NEN-----,20,30,9,0,1,254,True,-1,,,2-254-33-255,2-254-33-255
Beam,170,TYPE_RAYON,3,0,----24-,----23-,,,80,80,0,0,0,255,False,-1,,,30-200-33-255,
Rayman and Bzzit Cutscene,171,TYPE_MST_COPAIN,6,9,23-----,19-----,RMS-----,RMS-----,80,80,48,0,1,0,False,-1,,,30-254-33-255,30-254-33-255
Stone Man (Aggressive),172,TYPE_STONEWOMAN,0,0,--14---,--11---,--HP--HP-,--HP--HP-,80,127,0,3,15,254,False,-1,,1-23-97-81-1-81-1-1-1-1-115-81-1,11-10-8-0-5-14-19-1-24-0-11-11-8-0-5-10-19-1-17-70-28-1-24-2-24-3-11-13-8-1-5-1-19-1-8-0-5-9-19-1-24-4-11-17-8-1-5-0-19-2-24-5-11-0-8-0-5-3-19-1-8-0-5-4-19-1-8-0-5-14-24-6-11-1-8-0-5-14-24-7-11-7-8-0-5-9-19-1-8-0-5-15-19-1-24-8-11-12-8-0-5-13-19-2-24-9-11-14-8-0-5-11-19-1-11-15-30-200-24-10-11-16-8-0-5-12-19-1-24-11-11-8-30-10-24-12-33-255,11-10-8-0-5-14-19-1-12-10-11-11-8-0-5-10-19-1-17-70-31-1-12-12-12-7-11-13-8-1-5-1-19-1-8-0-5-9-19-1-12-10-11-17-8-1-5-0-19-2-12-7-11-0-8-0-5-3-19-1-8-0-5-4-19-1-8-0-5-14-12-10-11-1-8-0-5-14-12-10-11-7-8-0-5-9-19-1-8-0-5-15-19-1-12-10-11-12-8-0-5-13-19-2-12-10-11-14-8-0-5-11-19-1-11-15-30-200-12-15-11-16-8-0-5-12-19-1-12-7-11-8-30-10-12-10-33-255
Pirate Ship,173,TYPE_BATEAU,0,0,---23--,---19--,,,0,0,0,0,0,0,False,-1,,13-17-27-63,2-250-2-250-20-150-240-0-20-40-248-0-2-1-30-250-23-0-30-200-23-1-20-64-0-6-2-1-30-200-23-2-20-16-3-253-20-16-6-253-20-16-9-253-20-32-12-253-20-16-9-253-20-16-6-253-20-16-3-253-20-1-0-0-30-200-23-3-30-50-20-16-4-240-20-16-8-248-20-16-12-252-20-16-16-4-20-16-16-8-20-16-16-16-20-16-16-6-20-16-16-250-20-250-16-0-33-255,
Space Pirate (Bomber Left 2),174,TYPE_PIRATE_POELLE,0,1,---24--,---21--,,,80,96,0,0,2,255,False,-1,,,30-200-33-255,
Space Pirate (Earring Left 2),174,TYPE_PIRATE_POELLE,0,16,---24--,---21--,,,80,96,0,0,2,255,False,-1,,,30-200-33-255,
Pin (Down Platform),175,TYPE_PUNAISE1,0,7,---13--,---7--,---IPL--,---IPL--,90,48,8,0,0,254,True,-1,,,30-250-33-255,30-250-33-255
Pin (Down),175,TYPE_PUNAISE1,0,16,---13--,---7--,---IPL--,---IPL--,90,48,8,0,0,254,False,-1,,,30-250-33-255,30-250-33-255
Pencil (Down Static),176,TYPE_CRAYON_BAS,0,0,---13--,---7--,---IPL--,---IPL--,78,127,7,0,1,254,True,-1,,,30-250-33-255,30-250-33-255
Yinyang (Steady),177,TYPE_FALLING_YING,0,12,---13--,---7--,---IPL--,---IPL--,90,64,10,0,1,254,True,-1,,,30-250-33-255,30-250-33-255
Yinyang (Moving),177,TYPE_FALLING_YING,2,2,---13--,---7--,---IPL--,---IPL--,90,64,10,0,1,254,True,-1,,,30-250-33-255,30-250-33-255
Pencil (Down First of a wave),178,TYPE_HERSE_BAS,0,2,---13--,---7--,---IPL--,---IPL--,78,127,7,0,3,254,True,-1,,,30-200-33-255,30-200-33-255
Pencil (Down Moving Alone),178,TYPE_HERSE_BAS,0,2,---13--,---7--,---IPL--,---IPL--,78,127,7,0,1,254,True,-1,,,30-200-33-255,30-200-33-255
Pencil (Down Part of a wave),179,TYPE_HERSE_BAS_NEXT,0,2,---13--,---7--,---IPL--,---IPL--,78,127,7,0,1,254,True,-1,,,30-200-33-255,30-200-33-255
Mr Sax (Chase),180,TYPE_SAXO2,0,2,-12----,-10----,,,128,200,32,0,12,255,False,-1,,,2-254-33-255,
Mr Sax (Increase walk speed),181,TYPE_SCROLL_SAX,0,8,-12----,-10----,,,80,96,0,0,1,0,False,-1,,,30-254-33-255,
Mr Sax (Decrease walk speed),181,TYPE_SCROLL_SAX,0,9,-12----,-10----,,,80,96,0,0,0,0,False,-1,,,30-254-33-255,
Bad Note (Stationary),182,TYPE_NOTE3,0,4,-17----,-14----,,,80,72,12,0,1,254,False,-1,,,2-254-33-255,
Mr Sax (First Encounter),183,TYPE_SAXO3,0,2,-12----,-10----,,,128,200,32,0,255,255,False,-1,,,2-254-33-255,
Space Pirate (Bomber Right 1),184,TYPE_PIRATE_POELLE_D,0,1,---24--,---21--,---SPA--,---SPA--,80,96,0,0,2,255,False,-1,,,1-1-30-200-33-255,1-1-30-200-33-255
Space Pirate (Earring Right 1),184,TYPE_PIRATE_POELLE_D,0,16,---24--,---21--,---SPA--,---SPA--,80,96,0,0,2,255,False,-1,,,1-1-30-200-33-255,1-1-30-200-33-255
Bad Note (2),185,TYPE_WALK_NOTE_2,1,0,-17----,-14----,-NOT----,-NOT----,80,80,64,0,254,254,False,-1,,1-7-13,11-0-2-200-24-0-11-1-0-200-24-1-11-2-1-200-24-2-33-255,11-0-2-200-12-0-11-1-0-200-12-1-11-2-1-200-12-2-33-255
Space Pirate (Dead),186,TYPE_POELLE_ALWAYS,0,0,---24--,---21--,---SPA--,---SPA--,80,96,0,0,0,0,False,-1,,,30-200-33-255,30-200-33-255
Viking Mama,187,TYPE_MAMA_PIRATE,0,6,---23--,---19--,,,128,200,0,0,6,255,False,-1,,,30-200-33-255,
Spiky Platform,188,TYPE_RUBIS,0,7,----23-,----22-,--CPL--CPL-,--CPL--CPL-,18,32,5,0,0,254,True,-1,,,2-254-33-255,2-254-33-255
Spiky Platform (Horizontal),189,TYPE_MOVE_RUBIS,0,7,----23-,----22-,--CPL--CPL-,--CPL--CPL-,18,32,5,0,0,254,True,-1,,1-9,11-99-20-1-2-0-23-0-11-99-20-1-254-0-23-1-33-255,11-99-20-1-2-0-6-4-11-99-20-1-254-0-6-4-33-255
Spiky Platform (Vertical),189,TYPE_MOVE_RUBIS,0,7,----23-,----22-,--CPL--CPL-,--CPL--CPL-,18,32,5,0,0,254,True,-1,,1-9,11-99-20-1-0-254-23-0-11-99-20-1-0-2-23-1-33-255,11-99-20-1-0-254-6-4-11-99-20-1-0-2-6-4-33-255
Spiky Platform (Down on contact and stops),189,TYPE_MOVE_RUBIS,0,11,,,----CPL-,----CPL-,18,32,5,0,0,254,True,-1,,,,2-10-6-8-11-0-5-10-11-99-20-1-0-2-6-8-11-99-20-1-0-0-6-8-33-255
Spiky Platform (Left on contact and stops),189,TYPE_MOVE_RUBIS,0,11,,,----CPL-,----CPL-,18,32,5,0,0,254,True,-1,,23-9-17,2-10-23-0-11-0-5-10-11-99-20-1-254-0-23-1-11-99-20-1-0-0-23-2-33-255,2-10-6-8-11-0-5-10-11-99-20-1-254-0-6-8-11-99-20-1-0-0-6-8-33-255
Spiky Platform (Right on contact and stops),189,TYPE_MOVE_RUBIS,0,11,,,----CPL-,----CPL-,18,32,5,0,0,254,True,-1,,,,2-10-6-8-11-0-5-10-11-99-20-1-2-0-6-8-11-99-20-1-0-0-6-8-33-255
Spiky Platform (Up on contact and stops),189,TYPE_MOVE_RUBIS,0,11,,,----CPL-,----CPL-,18,32,5,0,0,254,True,-1,,,,2-10-6-8-11-0-5-10-11-99-20-1-0-254-6-8-11-99-20-1-0-0-6-8-33-255
Sword,190,TYPE_COUTEAU,2,10,---23--,---19--,,,128,120,1,1,0,254,True,-1,,,30-200-33-255,
Pencil (Falling 1),191,TYPE_FALLING_CRAYON,2,1,---13--,---7--,---IPL--,---IPL--,78,127,7,0,0,255,False,-1,,,30-250-33-255,30-250-33-255
Pencil (Falling 2),191,TYPE_FALLING_CRAYON,2,1,---13--,---7--,,,78,127,7,0,1,255,False,-1,,,30-250-33-255,
Pencil (Falling 3),191,TYPE_FALLING_CRAYON,2,1,---13--,---7--,,,78,127,7,0,2,255,False,-1,,,30-250-33-255,
Pencil (Falling 4),191,TYPE_FALLING_CRAYON,2,1,---13--,---7--,,,78,127,7,0,3,255,False,-1,,,30-250-33-255,
Pencil (Falling 5),191,TYPE_FALLING_CRAYON,2,1,---13--,---7--,,,78,127,7,0,5,255,False,-1,,,30-250-33-255,
Pencil (Falling 6),191,TYPE_FALLING_CRAYON,2,1,---13--,---7--,,,78,127,7,0,6,255,False,-1,,,30-250-33-255,
Pencil (Falling 7),191,TYPE_FALLING_CRAYON,2,1,---13--,---7--,,,78,127,7,0,7,255,False,-1,,,30-250-33-255,
Space laser,192,TYPE_SMA_GRAND_LASER,1,2,---19--,---15--,,,32,32,16,0,0,254,False,-1,,,,
Boiling Pot,193,TYPE_SMA_BOMB,0,0,---26--,---23--,,,79,97,64,0,1,255,False,-1,,,,
Boiling Pot (Parts 1),194,TYPE_SMA_BOMB_CHIP,1,0,---26--,---23--,,,79,97,64,0,1,255,False,-1,,1-9,11-0-20-200-0-224-24-0-11-1-20-200-0-32-24-1-33-255,
Boiling Pot (Parts 2),194,TYPE_SMA_BOMB_CHIP,1,2,---26--,---23--,,,79,97,64,0,1,255,False,-1,,1-9,11-0-20-200-233-233-24-0-11-1-20-200-23-23-24-1-33-255,
Boiling Pot (Parts 3),194,TYPE_SMA_BOMB_CHIP,1,4,---26--,---23--,,,79,97,64,0,1,255,False,-1,,1-9,11-0-20-200-23-233-24-0-11-1-20-200-233-23-24-1-33-255,
Boiling Pot (Parts 4),194,TYPE_SMA_BOMB_CHIP,1,6,---26--,---23--,,,79,97,64,0,1,255,False,-1,,1-9,11-0-20-200-224-0-24-0-11-1-20-200-32-0-24-1-33-255,
Spider (Ceiling),195,TYPE_SPIDER_PLAFOND,0,11,----20-,----19-,----SPI-,----SPI-,80,96,48,0,4,254,False,-1,,,30-200-33-255,30-200-33-255
Spider (Ceiling),195,TYPE_SPIDER_PLAFOND,0,28,,,----SPI-,----SPI-,80,96,48,0,4,254,False,-1,,,30-200-33-255,30-200-33-255
Spider's Spike,196,TYPE_DARD_PLAFOND,0,10,----20-,----19-,----SPI-,----SPI-,64,80,16,0,0,0,False,-1,,,1-1-30-200-33-255,1-1-30-200-33-255
Medallion,197,TYPE_MEDAILLON_TOON,5,32,29-32-29-31-35-,2-2-2-2-2-,,,152,93,0,0,0,254,False,-1,,,30-200-33-255,
Mr Stone (Chase),198,TYPE_BB12,0,0,--16---,--13---,,,128,200,30,0,200,253,False,-1,,,2-254-33-255,
Mr Stone (Chase to Walking),199,TYPE_BB1_VIT,0,13,--16---,--13---,,,80,96,0,0,1,0,False,-1,,,30-254-33-255,
Mr Stone (Chase to Run),199,TYPE_BB1_VIT,0,14,--16---,--13---,,,80,96,0,0,2,0,False,-1,,,30-254-33-255,
Mr Stone (Chase to Run faster),199,TYPE_BB1_VIT,0,15,--16---,--13---,,,80,96,0,0,3,0,False,-1,,,30-254-33-255,
Curse Stars (1),202,TYPE_RAY_ETOILES,0,57,1-1-1-1-1-1,0-0-0-0-0-0,RAY-RAY-RAY-RAY-RAY-RAY,RAY-RAY-RAY-RAY-RAY-RAY,80,48,16,0,0,0,False,-1,,,30-200-33-255,30-200-33-255
Curse Stars (2),202,TYPE_RAY_ETOILES,0,58,1-1-1-1-1-1,0-0-0-0-0-0,RAY-RAY-RAY-RAY-RAY-RAY,RAY-RAY-RAY-RAY-RAY-RAY,80,48,16,0,0,0,False,-1,,,30-200-33-255,30-200-33-255
Washing Machine (2),203,TYPE_SMA_WEAPON,0,17,---19--,---15--,,,128,200,100,0,0,254,False,-1,,,,
Dark Rayman,204,TYPE_BLACK_RAY,0,0,-----26,-----0,-----YAR,-----RAY,80,80,20,0,0,254,False,-1,,,2-254-33-255,2-254-33-255
Dark Rayman's Fist,205,TYPE_BLACK_FIST,5,1,4-4-4-4-4-4,2-2-2-2-2-2,PNG-PNG-PNG-PNG-PNG-PNG,PNG-PNG-PNG-PNG-PNG-PNG,60,48,32,0,1,254,False,-1,,,30-200-33-255,30-200-33-255
Rayman's Feet,206,TYPE_PIEDS_RAYMAN,2,22,1-1-1--1-1,0-0-0--0-0,RAY-RAY-RAY--RAY-RAY,RAY-RAY-RAY--RAY-RAY,80,80,20,0,0,255,False,-1,,,2-254-33-255,2-254-33-255
Rayman's Feet,206,TYPE_PIEDS_RAYMAN,2,22,---1--,---0--,---RAY--,---RAY--,80,80,20,0,0,255,False,-1,,,30-254-33-255,30-254-33-255
Frying Pan,207,TYPE_POELLE,0,0,-----23,-----22,-----POE,-----POE,24,36,12,0,0,0,False,-1,,,2-254-33-255,2-254-33-255
Large Dust Circle,208,TYPE_LANDING_SMOKE,0,0,-31-10--12-10,-28-4--8-4,-FUM---FUM-,-FUM---FUM-,64,64,64,0,0,0,False,-1,,,2-254-33-255,
Large Dust Circle,208,TYPE_LANDING_SMOKE,0,0,---12--,---6--,---FUM--,---FUM--,64,64,64,0,0,0,False,-1,,,30-254-33-255,
Flame (Left),209,TYPE_FIRE_LEFT,0,3,-----13,-----10,-----FLM,-----FLM,72,112,0,0,0,255,False,-1,,285-285-285-285-285,11-0-20-45-16-0-20-1-0-0-24-0-11-2-20-4-252-0-20-8-248-0-20-40-240-0-20-8-248-0-20-4-252-0-20-2-0-0-20-4-4-0-20-8-8-0-20-90-16-0-20-8-8-0-20-4-4-0-20-2-0-0-20-4-252-0-20-8-248-0-20-90-240-0-20-8-248-0-20-4-252-0-20-2-0-0-20-4-4-0-20-8-8-0-20-40-16-0-20-8-8-0-20-4-4-0-20-1-0-0-24-1-11-3-20-2-253-0-20-4-250-0-20-8-244-0-20-30-232-0-20-8-244-0-20-4-250-0-20-2-253-0-20-1-0-0-20-2-3-0-20-4-6-0-20-8-12-0-20-70-24-0-20-8-12-0-20-4-6-0-20-2-3-0-20-1-0-0-20-2-253-0-20-4-250-0-20-8-244-0-20-70-232-0-20-8-244-0-20-4-250-0-20-2-253-0-20-1-0-0-20-2-3-0-20-4-6-0-20-8-12-0-20-30-24-0-20-8-12-0-20-4-6-0-20-2-3-0-20-1-0-0-24-2-11-4-20-32-1-0-20-32-2-0-20-100-3-0-20-1-4-0-20-80-3-0-20-100-3-0-20-32-2-0-20-32-1-0-20-1-0-0-24-3-11-1-30-1-24-4-33-255,11-0-20-45-16-0-20-1-0-0-12-1-11-2-20-4-252-0-20-8-248-0-20-40-240-0-20-8-248-0-20-4-252-0-20-2-0-0-20-4-4-0-20-8-8-0-20-90-16-0-20-8-8-0-20-4-4-0-20-2-0-0-20-4-252-0-20-8-248-0-20-90-240-0-20-8-248-0-20-4-252-0-20-2-0-0-20-4-4-0-20-8-8-0-20-40-16-0-20-8-8-0-20-4-4-0-20-1-0-0-12-1-11-3-20-2-253-0-20-4-250-0-20-8-244-0-20-30-232-0-20-8-244-0-20-4-250-0-20-2-253-0-20-1-0-0-20-2-3-0-20-4-6-0-20-8-12-0-20-70-24-0-20-8-12-0-20-4-6-0-20-2-3-0-20-1-0-0-20-2-253-0-20-4-250-0-20-8-244-0-20-70-232-0-20-8-244-0-20-4-250-0-20-2-253-0-20-1-0-0-20-2-3-0-20-4-6-0-20-8-12-0-20-30-24-0-20-8-12-0-20-4-6-0-20-2-3-0-20-1-0-0-12-1-11-4-20-32-1-0-20-32-2-0-20-100-3-0-20-1-4-0-20-80-3-0-20-100-3-0-20-32-2-0-20-32-1-0-20-1-0-0-12-1-11-1-30-1-12-1-33-255
Flame (Right),210,TYPE_FIRE_RIGHT,0,3,-----13,-----10,-----FLM,-----FLM,72,112,0,0,0,255,False,-1,,245-245-245-245,11-0-20-85-240-0-20-1-0-0-24-0-11-2-20-4-252-0-20-8-248-0-20-40-240-0-20-8-248-0-20-4-252-0-20-2-0-0-20-4-4-0-20-8-8-0-20-90-16-0-20-8-8-0-20-4-4-0-20-2-0-0-20-4-252-0-20-8-248-0-20-90-240-0-20-8-248-0-20-4-252-0-20-2-0-0-20-4-4-0-20-8-8-0-20-40-16-0-20-8-8-0-20-4-4-0-20-1-0-0-24-1-11-3-20-2-253-0-20-4-250-0-20-8-244-0-20-30-232-0-20-8-244-0-20-4-250-0-20-2-253-0-20-1-0-0-20-2-3-0-20-4-6-0-20-8-12-0-20-70-24-0-20-8-12-0-20-4-6-0-20-2-3-0-20-1-0-0-20-2-253-0-20-4-250-0-20-8-244-0-20-70-232-0-20-8-244-0-20-4-250-0-20-2-253-0-20-1-0-0-20-2-3-0-20-4-6-0-20-8-12-0-20-30-24-0-20-8-12-0-20-4-6-0-20-2-3-0-20-1-0-0-24-2-11-1-30-1-24-3-33-255,11-0-20-85-240-0-20-1-0-0-12-1-11-2-20-4-252-0-20-8-248-0-20-40-240-0-20-8-248-0-20-4-252-0-20-2-0-0-20-4-4-0-20-8-8-0-20-90-16-0-20-8-8-0-20-4-4-0-20-2-0-0-20-4-252-0-20-8-248-0-20-90-240-0-20-8-248-0-20-4-252-0-20-2-0-0-20-4-4-0-20-8-8-0-20-40-16-0-20-8-8-0-20-4-4-0-20-1-0-0-12-1-11-3-20-2-253-0-20-4-250-0-20-8-244-0-20-30-232-0-20-8-244-0-20-4-250-0-20-2-253-0-20-1-0-0-20-2-3-0-20-4-6-0-20-8-12-0-20-70-24-0-20-8-12-0-20-4-6-0-20-2-3-0-20-1-0-0-20-2-253-0-20-4-250-0-20-8-244-0-20-70-232-0-20-8-244-0-20-4-250-0-20-2-253-0-20-1-0-0-20-2-3-0-20-4-6-0-20-8-12-0-20-30-24-0-20-8-12-0-20-4-6-0-20-2-3-0-20-1-0-0-12-1-11-1-30-1-12-1-33-255
Mr Stone's Totem (Swinging),211,TYPE_BOUT_TOTEM,2,8,--16---,--13---,???-???-???-???-???-???,???-???-???-???-???-???,32,32,128,0,0,0,False,-1,,,30-254-33-255,30-254-33-255
Curse (Forced Run),212,TYPE_DARK,0,7,-----24,-----13,-----VIR,-----VIR,128,240,88,0,0,255,False,-1,,,2-254-33-255,2-254-33-255
Curse (Reverse Controls),212,TYPE_DARK,0,9,-----24,-----13,-----VIR,-----VIR,128,240,88,0,0,255,False,-1,,,2-254-33-255,2-254-33-255
Curse (Llittle Rayman),212,TYPE_DARK,0,11,,,-----VIR,-----VIR,128,240,88,0,0,255,False,-1,,,,2-254-33-255
Curse (Remove Fist),212,TYPE_DARK,0,13,-----24,-----13,-----VIR,-----VIR,128,240,88,0,0,255,False,-1,,,2-254-33-255,2-254-33-255
Curse (Dark Rayman),212,TYPE_DARK,0,15,-----24,-----13,-----VIR,-----VIR,128,240,0,0,0,0,False,-1,,,2-254-33-255,2-254-33-255
Mr Dark (Boss),212,TYPE_DARK,0,39,-----24,-----13,,,128,240,0,0,1,255,False,-1,,,2-254-33-255,
Space Mama (Washing Machine),213,TYPE_SPACE_MAMA2,0,37,---19--,---15--,,,128,200,100,0,12,254,False,-1,,1-7,11-0-19-1-23-0-11-1-30-200-24-1-33-255,
Beach Ball,214,TYPE_BOUEE_JOE,0,0,----11-,----7-,,,80,100,10,0,0,254,True,-1,,,19-200-33-255,
Curse Fireball Effect,215,TYPE_DARK_SORT,0,0,-----24,-----13,-----VIR,-----VIR,96,128,64,0,0,0,False,-1,,,30-200-33-255,30-200-33-255
Eat At Joe's Sign,216,TYPE_ENS,0,0,----30-,----29-,,,80,80,48,0,0,0,False,-1,,1-11-25,11-0-8-0-5-0-19-1-24-0-11-1-8-0-5-1-20-1-0-0-19-1-24-1-11-2-5-2-20-1-0-0-19-1-24-2-33-255,
Moth,217,TYPE_MITE2,2,0,-18----,-15----,-MIT----,-MIT----,80,96,48,0,6,255,False,-1,,12-16-26-26-26-93-93-85-93-26-93,11-5-17-2-0-26-0-1-2-24-1-11-6-0-2-11-0-8-2-5-0-19-1-24-2-11-7-30-10-24-3-11-1-8-0-5-0-19-1-19-1-19-1-24-4-11-2-8-0-5-1-19-1-24-5-11-3-8-0-5-7-19-1-24-6-11-4-17-3-2-26-7-8-0-5-2-19-1-19-1-19-1-24-8-11-9-5-2-19-1-24-9-11-8-8-1-5-0-19-1-24-10-33-255,11-5-17-2-0-15-6-1-2-12-0-11-6-0-2-11-0-8-2-5-0-19-1-12-7-11-7-30-10-12-7-11-1-8-0-5-0-19-1-19-1-19-1-12-7-11-2-8-0-5-1-19-1-12-8-11-3-8-0-5-7-19-1-12-8-11-4-17-3-2-15-9-8-0-5-2-19-1-19-1-19-1-12-8-11-9-5-2-19-1-12-7-11-8-8-1-5-0-19-1-12-8-33-255
Mr Dark (Mr Sax/Space Mama/Moskito),218,TYPE_HYBRIDE_MOSAMS,0,0,-----11,-----6,,,128,198,112,0,8,254,False,-1,,29-29-47-9-53,8-2-5-0-24-0-19-1-11-0-8-0-5-0-20-0-0-255-8-0-5-1-19-1-20-0-0-249-11-1-30-200-24-1-11-3-8-0-5-4-23-2-11-4-8-0-5-2-19-1-24-3-11-2-8-0-5-3-0-200-24-4-33-255,
Flat Stone (Rope),219,TYPE_CORDE,0,16,--18---,--14---,,,128,128,128,0,100,0,False,-1,,,2-254-33-255,
Flat Stone (With Ropes),220,TYPE_PIERREACORDE,0,23,--18---,--14---,,,128,128,128,0,0,0,False,-1,,,2-254-33-255,
Flat Stone (Rope Effect),221,TYPE_CFUMEE,0,22,--18---,--14---,--PIS---,--BST---,128,128,128,0,100,0,False,-1,,,2-254-33-255,2-254-33-255
Flat Stone (Cut Rope),222,TYPE_CORDEBAS,2,3,--18---,--14---,--PIS---,--BST---,128,128,128,0,0,0,False,-1,,,2-254-33-255,2-254-33-255
Mr Dark (Mr Skops/Mr Stone),223,TYPE_HYBRIDE_STOSKO,1,0,-----11,-----7,,,128,200,64,0,8,254,False,-1,,,30-200-33-255,
Mr Dark (Mr Skops/Mr Stone Claw),224,TYPE_STOSKO_PINCE,0,9,-----11,-----7,,,192,128,170,0,1,254,False,-1,,,20-12-128-0-20-2-144-0-20-2-160-0-20-2-176-0-20-2-192-0-20-2-208-0-20-2-224-0-20-2-240-0-20-1-16-0-20-1-32-0-20-1-48-0-20-1-64-0-20-1-80-0-20-1-96-0-20-1-112-0-20-30-127-0-33-255,
Space Pirate (Bomber Left 1),225,TYPE_PIRATE_P_45,0,1,---24--,---21--,---SPA--,---SPA--,80,96,0,0,2,255,False,-1,,,30-200-33-255,30-200-33-255
Space Pirate (Earring Left 1),225,TYPE_PIRATE_P_45,0,16,---24--,---21--,---SPA--,---SPA--,80,96,0,0,2,255,False,-1,,,30-200-33-255,30-200-33-255
Space Pirate (Bomber Right 2),226,TYPE_PIRATE_P_D_45,0,1,---24--,---21--,,,80,96,0,0,2,255,False,-1,,,1-1-30-200-33-255,
Space Pirate (Earring Right 2),226,TYPE_PIRATE_P_D_45,0,16,---24--,---21--,,,80,96,0,0,2,255,False,-1,,,1-1-30-200-33-255,
Moskito (Boss),227,TYPE_MOSKITO2,0,13,15-----,12-----,,,80,80,48,0,12,254,False,-1,,1-7,11-1-19-1-23-0-11-2-30-200-24-1-33-255,
Electric Plug,228,TYPE_PRI,0,0,----32-,----31-,,,80,80,48,0,1,254,False,-1,,1-11-11,11-0-8-0-5-0-19-1-24-0-11-1-8-0-5-2-19-1-24-1-11-2-8-0-5-1-19-5-24-2-33-255,
Pin (Up),229,TYPE_PUNAISE2,0,8,---13--,---7--,---IPL--,---IPL--,90,96,48,0,0,254,False,-1,,,30-250-33-255,30-250-33-255
Pin (Left),230,TYPE_PUNAISE3,0,9,---13--,---7--,---IPL--,---IPL--,90,96,96,0,0,254,False,-1,,,30-250-33-255,30-250-33-255
Pin (Right),230,TYPE_PUNAISE3,0,9,---13--,---7--,---IPL--,---IPL--,90,96,96,0,1,254,False,-1,,,30-250-33-255,30-250-33-255
Mr Dark (Viking Mama/Moskito Right),231,TYPE_HYB_BBF2_D,0,0,-----11,-----5,,,116,160,112,0,8,254,False,-1,,,2-254-33-255,
Mr Dark (Viking Mama/Moskito Left),232,TYPE_HYB_BBF2_G,0,0,-----11,-----5,,,116,160,112,0,8,254,False,-1,,,2-254-33-255,
Mr Dark (Viking Mama/Moskito Space laser),233,TYPE_HYB_BBF2_LAS,0,8,-----11,-----5,,,116,152,136,0,0,254,False,-1,,,30-200-33-255,
Lava,234,TYPE_LAVE,0,0,----33-,----32-,,,50,80,0,0,255,254,False,-1,,,2-254-33-255,
Pin scenery (10),235,TYPE_PUNAISE4,0,0,,,---PUN--,---PUN--,80,80,48,0,47,0,False,-1,,,,8-0-5-0-19-1-33-255
Pin scenery (1),235,TYPE_PUNAISE4,0,0,,,---PUN--,---PUN--,80,80,48,0,1,0,False,-1,,,,8-0-5-0-19-1-33-255
Pin scenery (2),235,TYPE_PUNAISE4,0,0,,,---PUN--,---PUN--,80,80,48,0,7,0,False,-1,,,,8-0-5-0-19-1-33-255
Pin scenery (3),235,TYPE_PUNAISE4,0,0,,,---PUN--,---PUN--,80,80,48,0,11,0,False,-1,,,,8-0-5-0-19-1-33-255
Pin scenery (4),235,TYPE_PUNAISE4,0,0,,,---PUN--,---PUN--,80,80,48,0,17,0,False,-1,,,,8-0-5-0-19-1-33-255
Pin scenery (5),235,TYPE_PUNAISE4,0,0,,,---PUN--,---PUN--,80,80,48,0,22,0,False,-1,,,,8-0-5-0-19-1-33-255
Pin scenery (6),235,TYPE_PUNAISE4,0,0,,,---PUN--,---PUN--,80,80,48,0,27,0,False,-1,,,,8-0-5-0-19-1-33-255
Pin scenery (7),235,TYPE_PUNAISE4,0,0,,,---PUN--,---PUN--,80,80,48,0,32,0,False,-1,,,,8-0-5-0-19-1-33-255
Pin scenery (8),235,TYPE_PUNAISE4,0,0,,,---PUN--,---PUN--,80,80,48,0,37,0,False,-1,,,,8-0-5-0-19-1-33-255
Pin scenery (9),235,TYPE_PUNAISE4,0,0,,,---PUN--,---PUN--,80,80,48,0,42,0,False,-1,,,,8-0-5-0-19-1-33-255
Curse Cleaner,236,TYPE_ANNULE_SORT_DARK,5,54,,,PNG-PNG-PNG-PNG-PNG-PNG,PNG-PNG-PNG-PNG-PNG-PNG,80,136,88,0,0,254,False,-1,,,2-254-33-255,2-254-33-255
Curse Cleaner,236,TYPE_ANNULE_SORT_DARK,5,58,4-4-4-4-4-4,2-2-2-2-2-2,,,80,136,88,0,0,254,False,-1,,,2-254-33-255,
Bouncy Rubber,237,TYPE_GOMME,0,0,---29--,---26--,---GOM--,---GOM--,72,47,10,0,0,254,True,-1,,1-1,11-0-8-0-5-0-19-1-24-0-11-1-8-0-5-1-19-1-24-1-33-255,11-0-8-0-5-0-19-1-12-0-11-1-8-0-5-1-19-1-12-0-33-255
Betilla (Fist right and displaying text),238,TYPE_POING_FEE,5,12,4-4-4-4-4-4,2-2-2-2-2-2,,,64,48,32,0,0,0,False,-1,,,2-254-33-255,
Pencil (Up),240,TYPE_CRAYON_HAUT,0,1,---13--,---7--,---IPL--,---IPL--,78,127,32,0,1,254,False,-1,,,30-250-33-255,30-250-33-255
Pencil (Up First of a wave),241,TYPE_HERSE_HAUT,0,3,---13--,---7--,---IPL--,---IPL--,78,127,32,0,3,254,False,-1,,,30-200-33-255,30-200-33-255
Pencil (Up Moving Alone),241,TYPE_HERSE_HAUT,0,3,---13--,---7--,---IPL--,---IPL--,78,127,32,0,1,254,False,-1,,,30-200-33-255,30-200-33-255
Pencil (Up Part of a wave),242,TYPE_HERSE_HAUT_NEXT,0,3,---13--,---7--,---IPL--,---IPL--,78,127,32,0,1,254,False,-1,,,30-200-33-255,30-200-33-255
Bouncy Pen,243,TYPE_MARK_AUTOJUMP_PLAT,0,23,---13--,---7--,---IPL--,---IPL--,88,144,16,2,1,254,True,-1,,,2-254-33-255,2-254-33-255
Space laser (Second),244,TYPE_SMA_PETIT_LASER,1,4,---19--,---15--,,,32,32,18,0,0,254,False,-1,,,,
Joe's Beach sand,245,TYPE_DUNE,0,0,----34-,----33-,,,80,32,0,0,0,0,False,-1,,,30-254-33-255,
Mr Dark (Separate Rope),246,TYPE_CORDE_DARK,0,25,-----24,-----13,,,92,204,0,0,0,0,False,-1,,,2-254-33-255,
Mr Skops (Claw),248,TYPE_SKO_PINCE,3,1,----24-,----23-,,,192,128,170,0,1,254,False,-1,,,2-254-33-255,
Theatre (Back Curtain),249,TYPE_RIDEAU,0,1,---30--,---20--,,,0,0,0,0,0,0,False,-1,,1,30-200-20-16-0-240-20-16-0-244-20-16-0-248-20-16-0-252-20-16-0-254-23-0-33-255,
Theatre (Top Curtain),249,TYPE_RIDEAU,0,2,---30--,---20--,,,0,0,0,0,0,0,False,-1,,1,30-180-20-16-0-240-20-16-0-244-20-16-0-248-20-16-0-252-20-16-0-254-23-0-33-255,
Pin (Up and Down),250,TYPE_PUNAISE5,0,15,---13--,---7--,---IPL--,---IPL--,90,48,8,0,0,254,False,-1,,,30-250-33-255,30-250-33-255
Theatre Water (1),251,TYPE_VAGUE_DEVANT,0,3,---23--,---20--,,,160,0,0,0,0,0,False,-1,,,30-200-33-255,
Theatre Water (2),252,TYPE_VAGUE_DERRIERE,0,4,---23--,---20--,,,160,0,0,0,0,0,False,-1,,,30-200-33-255,
Breakout Plum,256,TYPE_CB_BALL,0,5,31-----,26-----,???-???-???-???-???-???,???-???-???-???-???-???,64,64,0,0,255,0,False,-1,,,2-254-33-255,2-254-33-255
Breakout,257,TYPE_BONBON_PLAT,0,0,31-----,26-----,,,64,64,0,0,255,0,False,-1,,,2-254-33-255,
Edu Letter,258,TYPE_EDU_LETTRE,0,0,,,-----PLA,-----PLA,110,147,0,0,0,0,True,-1,,,30-200-33-255,30-200-33-255
Edu Letter,258,TYPE_EDU_LETTRE,0,5,,,-----PLA,-----PLA,0,0,4,0,0,0,True,-1,,,30-200-33-255,30-200-33-255
,266,MS_compteur,0,2,,,WIZCOMPT-WIZCOMPT-WIZCOMPT-WIZCOMPT-WIZCOMPT-WIZCOMPT,WIZCOMPT-WIZCOMPT-WIZCOMPT-WIZCOMPT-WIZCOMPT-WIZCOMPT,0,0,0,0,257,0,False,-1,,,30-254-33-255,
,266,MS_compteur,0,2,,,WIZCOMPT-WIZCOMPT-WIZCOMPT-WIZCOMPT--WIZCOMPT,WIZCOMPT-WIZCOMPT-WIZCOMPT-WIZCOMPT--WIZCOMPT,0,0,0,0,771,0,False,-1,,,30-254-33-255,
,266,MS_compteur,0,2,,,----WIZCOMPT-,----WIZCOMPT-,0,0,0,0,1285,0,False,-1,,,30-254-33-255,
Gendoor (Ting),266,MS_compteur,0,2,,,WIZCOMPT-WIZCOMPT-WIZCOMPT-WIZCOMPT-WIZCOMPT-WIZCOMPT,WIZCOMPT-WIZCOMPT-WIZCOMPT-WIZCOMPT-WIZCOMPT-WIZCOMPT,0,0,0,0,0,0,False,-1,,,,30-254-33-255
,266,MS_compteur,0,3,,,WIZCOMPT-WIZCOMPT-WIZCOMPT-WIZCOMPT-WIZCOMPT-WIZCOMPT,WIZCOMPT-WIZCOMPT-WIZCOMPT-WIZCOMPT-WIZCOMPT-WIZCOMPT,0,0,0,0,1285,0,False,-1,,,30-254-33-255,
Killdoor (Ting),266,MS_compteur,0,3,,,WIZCOMPT-WIZCOMPT-WIZCOMPT-WIZCOMPT-WIZCOMPT-WIZCOMPT,WIZCOMPT-WIZCOMPT-WIZCOMPT-WIZCOMPT-WIZCOMPT-WIZCOMPT,0,0,0,0,0,0,False,-1,,,,30-254-33-255
,267,MS_wiz_comptage,0,0,,,WIZCOMPT-WIZCOMPT-WIZCOMPT-WIZCOMPT-WIZCOMPT-WIZCOMPT,WIZCOMPT-WIZCOMPT-WIZCOMPT-WIZCOMPT-WIZCOMPT-WIZCOMPT,0,0,0,0,257,254,False,-1,,,30-254-33-255,
,267,MS_wiz_comptage,0,0,,,WIZCOMPT-WIZCOMPT-WIZCOMPT-WIZCOMPT-WIZCOMPT-WIZCOMPT,WIZCOMPT-WIZCOMPT-WIZCOMPT-WIZCOMPT-WIZCOMPT-WIZCOMPT,0,0,0,0,1285,254,False,-1,,,30-254-33-255,
,267,MS_wiz_comptage,0,0,,,WIZCOMPT-WIZCOMPT-WIZCOMPT-WIZCOMPT--WIZCOMPT,WIZCOMPT-WIZCOMPT-WIZCOMPT-WIZCOMPT--WIZCOMPT,0,0,0,0,771,254,False,-1,,,30-254-33-255,
Ting (Designer),267,MS_wiz_comptage,0,0,,,WIZCOMPT-WIZCOMPT-WIZCOMPT-WIZCOMPT-WIZCOMPT-WIZCOMPT,WIZCOMPT-WIZCOMPT-WIZCOMPT-WIZCOMPT-WIZCOMPT-WIZCOMPT,0,0,0,0,0,254,False,-1,,,,30-254-33-255
,271,MS_champ_fixe,0,0,,,----PCH-,----PCH-,64,80,0,0,0,0,False,-1,,,,33-255
Mushroom yellow,271,MS_champ_fixe,0,1,,,----PCH-,----PCH-,64,80,0,0,0,0,False,-1,,,,33-255
,271,MS_champ_fixe,0,2,,,----PCH-,----PCH-,64,80,0,0,0,0,False,-1,,,,33-255
,271,MS_champ_fixe,0,3,,,----PCH-,----PCH-,64,80,0,0,0,0,False,-1,,,,33-255
,271,MS_champ_fixe,0,4,,,----PCH-,----PCH-,64,80,0,0,0,0,False,-1,,,,33-255
,271,MS_champ_fixe,0,5,,,----PCH-,----PCH-,64,80,0,0,0,0,False,-1,,,,33-255
,272,MS_pap,0,6,,,----PCH-,----PCH-,64,80,0,0,257,0,False,-1,,,,
Butterfly (Steady 1),272,MS_pap,0,6,,,----PCH-,----PCH-,64,80,0,0,0,0,False,-1,,,,33-255
Butterfly Colours (Steady),272,MS_pap,0,6,,,----PCH-,----PCH-,64,80,1,0,0,0,False,-1,,,,33-255
,272,MS_pap,0,7,,,----PCH-,----PCH-,133,160,1,0,257,0,False,-1,,,,
,272,MS_pap,0,7,,,----PCH-,----PCH-,133,160,0,0,514,0,False,-1,,,,
,272,MS_pap,0,7,,,----PCH-,----PCH-,133,160,1,0,1285,0,False,-1,,,,
,272,MS_pap,0,7,,,----PCH-,----PCH-,133,160,0,0,1285,0,False,-1,,,,
,272,MS_pap,0,7,,,----PCH-,----PCH-,133,160,0,0,771,0,False,-1,,,,
Butterfly (Moving),272,MS_pap,0,7,,,----PCH-,----PCH-,133,160,0,0,0,0,False,-1,,,,33-255
Butterfly Colours (Moving 1),272,MS_pap,0,7,,,----PCH-,----PCH-,133,160,1,0,0,0,False,-1,,,,33-255
,272,MS_pap,0,8,,,----PCH-,----PCH-,133,160,0,0,257,0,False,-1,,,,
,272,MS_pap,0,8,,,----PCH-,----PCH-,133,160,0,0,1285,0,False,-1,,,,
,272,MS_pap,0,8,,,----PCH-,----PCH-,133,160,0,0,771,0,False,-1,,,,
,272,MS_pap,0,8,,,----PCH-,----PCH-,133,160,0,0,0,0,False,-1,,,,33-255
,272,MS_pap,0,8,,,----PCH-,----PCH-,133,160,1,0,257,0,False,-1,,,,
Butterfly Colours (Moving 2),272,MS_pap,0,8,,,----PCH-,----PCH-,133,160,1,0,0,0,False,-1,,,,33-255
,272,MS_pap,0,12,,,----PCH-,----PCH-,64,80,0,0,257,0,False,-1,,,,
Butterfly (Steady 2),272,MS_pap,0,12,,,----PCH-,----PCH-,64,80,0,0,0,0,False,-1,,,,33-255
Nougat (Blocking Left),273,MS_nougat,0,0,,,-----NOU,-----NOU,64,115,0,0,0,0,False,-1,,,,33-255
Nougat (Blocking Right),273,MS_nougat,0,0,,,-----NOU,-----NOU,64,115,0,0,1,0,False,-1,,,,33-255
Nougat (Blocking Down),273,MS_nougat,0,1,,,-----NOU,-----NOU,64,103,0,0,0,0,False,-1,,,,33-255
Nougat (Blocking Up),273,MS_nougat,0,1,,,-----NOU,-----NOU,64,103,0,0,1,0,False,-1,,,,33-255
,275,MS_scintillement,5,66,,,PNG-PNG-PNG-PNG-PNG-PNG,PNG-PNG-PNG-PNG-PNG-PNG,18,18,0,0,0,254,False,-1,,,,33-255
,276,MS_porte,0,0,,,DOORJUN-----,DOORJUN-----,56,32,16,0,0,0,True,-1,,,2-254-33-255,2-254-33-255
,276,MS_porte,0,0,,,-DOORMUS----,-DOORMUS----,32,48,28,0,0,0,True,-1,,,2-254-33-255,2-254-33-255
,276,MS_porte,0,0,,,--DOORMON---,--DOORMON---,48,44,24,0,0,0,True,-1,,,2-254-33-255,2-254-33-255
,276,MS_porte,0,0,,,---RGL--,---RGL--,24,127,0,0,0,0,True,-1,,,2-254-33-255,2-254-33-255
,276,MS_porte,0,0,,,-----DOORCAK,-----DOORCAK,24,96,16,0,0,0,True,-1,,,2-254-33-255,2-254-33-255
Blocker (Tree trunk),276,MS_porte,0,0,,,----DOORCAV-,----DOORCAV-,40,40,23,0,0,0,True,-1,,,,2-254-33-255
,276,MS_porte,0,1,,,DOORJUN-----,DOORJUN-----,29,108,0,0,0,0,False,-1,,,2-254-33-255,2-254-33-255
,276,MS_porte,0,1,,,-DOORMUS----,-DOORMUS----,24,70,0,0,0,0,False,-1,,,2-254-33-255,2-254-33-255
,276,MS_porte,0,1,,,--DOORMON---,--DOORMON---,24,64,0,0,0,0,False,-1,,,2-254-33-255,2-254-33-255
,276,MS_porte,0,1,,,---RGL--,---RGL--,56,48,16,0,0,0,True,-1,,,2-254-33-255,2-254-33-255
,276,MS_porte,0,1,,,----DOORCAV-,----DOORCAV-,16,95,0,0,0,0,False,-1,,,2-254-33-255,2-254-33-255
,276,MS_porte,0,1,,,-----DOORCAK,-----DOORCAK,32,96,0,0,0,0,False,-1,,,2-254-33-255,2-254-33-255
,277,MS_poing_plate_forme,0,0,,,BAL-BAL-BAL-BAL-BAL-BAL,BALL-BALL-BALL-BALL-BALL-BALL,64,64,8,1,0,254,True,-1,,,,33-255
,278,MS_super_gendoor,10,2,,,DIV-DIV-DIV-DIV-DIV-DIV,DIV-DIV-DIV-DIV-DIV-DIV,0,0,0,0,0,254,False,-1,,,,33-255
,279,MS_super_kildoor,10,2,,,DIV-DIV-DIV-DIV-DIV-DIV,DIV-DIV-DIV-DIV-DIV-DIV,0,0,0,0,0,254,False,-1,,,,33-255